rank,name,slug
1,Bitcoin,BTC
2,Ethereum,ETH
3,Solana,SOL
4,Cardano,ADA
5,XRP,XRP
6,FileCoin,FIL
7,Polkadot,DOT
8,BUSD,BUSD
9,Binance Coin,BNB
10,Uniswap Protocol Token,UNI
11,Cosmos,ATOM
12,Chainlink,LINK
13,Terra,LUNA
14,Avalanche,AVAX
15,dYdX,DYDX
16,FTX Token,FTT
17,Litecoin,LTC
18,Sushi,SUSHI
19,EOS,EOS
20,Okex,OKB
21,Tezos,XTZ
22,Tether,USDT
23,TRON,TRX
24,Algorand,ALGO
25,Bitcoin Cash,BCH
26,OMG Network,OMG
27,Dogecoin,DOGE
28,Ethereum Classic,ETC
29,Polygon,MATIC
30,Fantom,FTM
31,Celer Network,CELR
32,Celo,CELO
33,USD Coin,USDC
34,Curve DAO Token,CRV
35,Serum,SRM
36,Harmony,ONE
37,Huobi Token,HT
38,COTI,COTI
39,Internet Computer,ICP
40,Stellar,XLM
41,PancakeSwap,CAKE
42,Theta,THETA
43,BitTorrent,BTT
44,Monero,XMR
45,APENFT,NFT
46,VeChain,VET
47,IOS token,IOST
48,Aave,AAVE
49,Near,NEAR
50,Perpetual Protocol,PERP
51,Axie Infinity Shards,AXS
52,REN,REN
53,Bitcoin SV,BSV
54,Hedera Hashgraph,HBAR
55,The Graph,GRT
56,Elrond,EGLD
57,QTUM,QTUM
58,1inch,1INCH
59,Kava,KAVA
60,ZCash,ZEC
61,IoTeX Network,IOTX
62,NEO,NEO
63,Troy,TROY
64,IDEX,IDEX
65,Dash,DASH
66,Maker,MKR
67,Enzyme,MLN
68,Compound Governance Token,COMP
69,Injective Protocol,INJ
70,Kusama,KSM
71,IOTA,MIOTA
72,Chiliz,CHZ
73,0x,ZRX
74,Shiba Inu,SHIB
75,Synthetix,SNX
76,Decentraland,MANA
77,ICON Project,ICX
78,Thorchain,RUNE
79,JUST,JST
80,Ontology,ONT
81,yearn.finance,YFI
82,Swipe,SXP
83,Oasis Labs,ROSE
84,Fetch.AI,FET
85,Waves,WAVES
86,Storj,STORJ
87,Hegic,HEGIC
88,aelf,ELF
89,Enjin Coin,ENJ
90,Arweave,AR
91,Flow - Dapper Labs,FLOW
92,Zilliqa,ZIL
93,Theta Fuel,TFUEL
94,LTO Network,LTO
95,Siacoin,SC
96,bZx,BZRX
97,Swerve,SWRV
98,Horizen,ZEN
99,The Sandbox,SAND
100,PowerPool Concentrated Voting Power,CVP
101,NEM,XEM
102,Basic Attention Token,BAT
103,BakeryToken,BAKE
104,Civic,CVC
105,True USD,TUSD
106,Origin Protocol,OGN
107,Wrapped Bitcoin,WBTC
108,Holo,HOT
109,Chroma,CHR
110,Ravencoin,RVN
111,Loopring,LRC
112,Dent,DENT
113,ARPA Chain,ARPA
114,MOBOX,MBOX
115,Orion Protocol,ORN
116,Verge,XVG
117,DODO,DODO
118,Reserve Rights,RSR
119,Augur,REP
120,Lisk,LSK
121,Quant,QNT
122,Balancer,BAL
123,Klaytn,KLAY
124,Audius,AUDIO
125,V-ID,VIDT
126,Kyber Network,KNC
127,Venus,XVS
128,Nuls,NULS
129,Crypto.com Chain Token,CRO
130,iExec,RLC
131,Bitcoin Gold,BTG
132,FunFair,FUN
133,UMA,UMA
134,Alchemy Pay,ACH
135,Xeno Token,XNO
136,Aragon,ANT
137,Ellipsis,ELLIP
138,Metal,MTL
139,Smooth Love Potion,SLP
140,Trust Wallet Token,TWT
141,Hard Protocol,HARD
142,Phala Network,PHA
143,Komodo,KMD
144,DIA,DIA
145,Casper Network,CSPR
146,Utrust,UTK
147,AERGO,AERGO
148,Band Protocol,BAND
149,Nano,NANO
150,Reef,REEF
151,Molecular Future,MOF
152,VeChainThor,VTHO
153,Ontology Gas,ONGAS
154,Gatechain Token,GT
155,Alpha Finance Lab,ALPHA
156,Ampleforth Governance Token,FORTH
157,SKALE Network,SKL
158,StormX,STMX
159,MANTRA DAO,OM
160,Stratis,STRAX
161,Worldwide Asset eXchange,WAXP
162,DigiByte,DGB
163,Hive,HIVE
164,Content Value Network,CVNT
165,WazirX,WRX
166,Frontier,FRONT
167,Dai,DAI
168,Orchid Protocol,OXT
169,HEX,HEX
170,WINk,WIN
171,Amp,AMP
172,SelfKey,KEY
173,DFI.money,YFII
174,IRIS Network,IRIS
175,Polymath Network,POLY
176,TomoChain,TOMO
177,Cartesi,CTSI
178,Ankr Network,ANKR
179,Travala,AVA
180,Helium,HNT
181,Ocean Protocol,OCEAN
182,Bancor Network Token,BNT
183,Bytom,BTM
184,Keep3rV1,KP3R
185,SuperFarm,SUPER
186,Ardor,ARDR
187,AdEx,ADX
188,NuCypher,NU
189,Flamingo,FLM
190,Loom Network,LOOM
191,Request Network,REQ
192,Bluzelle,BLZ
193,ForTube,FOR
194,Dock.io,DOCK
195,Verasity,VRA
196,Unifi Protocol DAO,UNFI
197,Mirror Protocol,MIR
198,Tellor,TRB
199,Nervos Network,CKB
200,Chia,XCH
201,Harvest Finance,FARM
202,Firo,FIRO
203,Terra Virtua Kolect,TVK
204,Steem,STEEM
205,Perlin,PERL
206,Stacks,STX
207,CertiK,CTK
208,Waltonchain,WTC
209,Gas,GAS
210,Wrapped NXM,WNXM
211,ThunderCore,TT
212,Medibloc,MED
213,Golem Network Token,GLM
214,Pax Dollar,USDP
215,ABBC Coin,ABBC
216,Akropolis,AKRO
217,Bitshares,BTS
218,BitMart Coin,BMX
219,SafePal,SFP
220,Orbs,ORBS
221,Cortex,CTXC
222,Tokocrypto,TKO
223,SWFTCoin,SWFTC
224,Numeraire,NMR
225,GIFTO,GTO
226,ARK,ARK
227,PAX Gold,PAXG
228,Apollo Currency,APL
229,SmartMesh,SMT
230,Tokamak Network,TON
231,ArcBlock,ABT
232,Auction,AUCTION
233,TrueFi,TRU
234,Bella Protocol,BEL
235,Xinfin Network,XDC
236,Mithril,MITH
237,Hifi Finance,MFT
238,MovieBloc,MBL
239,GXChain,GXC
240,Streamr,DATA
241,Nest Protocol,NEST
242,Gemini Dollar,GUSD
243,Wing Finance,WING
244,Dego Finance,DEGO
245,Polkastarter,POLS
246,Aion,AION
247,MiL.k,MLK
248,Alpaca Finance,ALPACA
249,Sentinel Protocol,UPP
250,Telcoin,TEL
251,Status Network Token,SNT
252,Crust Network,CRU
253,AirSwap,AST
254,VITE,VITE
255,Lambda,LAMB
256,Marlin,POND
257,BORA,BORA
258,NKN,NKN
259,SingularityNET,AGIX
260,Steem Dollars,SBD
261,MX Token,MX
262,Keep Network,KEEP
263,NavCoin,NAV
264,NEXO,NEXO
265,Carry,CARRY
266,Badger DAO,BADGER
267,Meconcash,MCH
268,pNetwork Token,PNT
269,Beam,BEAM
270,Proton,XPR
271,Refereum,RFR
272,Constellation,DAG
273,BitDAO,BIT
274,API3,API3
275,Hdac,HDAC
276,Contentos,CONT
277,DEAPCOIN,DEP
278,KuCoin Token,KCS
279,dKargo,DKA
280,Aavegotchi,GHST
281,Blox,CDT
282,Burger Swap,BURGER
283,Neutrino USD,USDN
284,Everipedia,IQ
285,Bitcoin Diamond,BCD
286,Davinci Coin,DAC
287,FIO Protocol,FIO
288,Power Ledger,POWR
289,Mossland,MOC
290,UniLend Finance,UFT
291,Celsius Network,CEL
292,Elastos,ELA
293,OBSERVER Coin,OBSR
294,ZB,ZB
295,BananaTok,BNA
296,DREP,DREP
297,New BitShares,NBS
298,STP Network,STPT
299,Decred,DCR
300,Fusion,FSN
301,SysCoin,SYS
302,Wanchain,WAN
303,MultiVAC,MTV
304,Velo,VELO
305,Wirex Token,WXT
306,Ergo,ERG
307,Machine Xchange Coin,MXC
308,district0x,DNT
309,True Chain,TRUE
310,dForce,DF
311,Yield Guild Games,YGG
312,Auto,AUTO
313,QuarkChain,QKC
314,Groestlcoin,GRS
315,Primas,PST
316,Cover Protocol,COVER
317,TokenClub,TCT
318,Phoenix Binance,PHB
319,My Neighbor Alice,ALICE
320,All Sports Coin,SOC
321,LUKSO,LYXE
322,PayProtocol Paycoin,PCI
323,Populous,PPT
324,Dusk Network,DUSK
325,Cream,CREAM
326,USDJ,USDJ
327,INT,INT
328,BiboxCoin,BIX
329,Voyager Token,VGX
330,Nebulas,NAS
331,DeFiChain,DFI
332,Blockchain of Hash Power,BHP
333,Egretia,EGT
334,AhaToken,AHT
335,CoinEx Token,CET
336,SwissBorg,CHSB
337,Tribe,TRIBE
338,DefiBox,DBOX
339,Trias,TRIAS
340,MASS,MASS
341,DMD,DMD
342,Secret,SCRT
343,DAO Maker,DAO
344,HyperCash,HC
345,Repo Coin,REPO
346,COCOS BCX,COCOS
347,Function X,FUNX
348,EMOGI Network,LOL
349,WaykiChain,WICC
350,All.me,ME
351,DATx,DATX
352,Moeda,MDA
353,Maro,MARO
354,KardiaChain,KAI
355,Rally,RLY
356,Strong,STRONG
357,Ultra,ULTRA
358,CyberMiles,CMT
359,IoT Chain,ITC
360,Origo,OGO
361,Rio DeFi,RFUEL
362,MaidSafe Coin,MAID
363,Aeternity,AE
364,Anchor Protocol,ANC
365,Robonomics.network,XRT
366,Revain,REV
367,Matrix AI Network,MAN
368,FunKeyPay,FNK
369,Viberate,VIB
370,Ampleforth,AMPL
371,DAD,DAD
372,ONBUFF,ONIT
373,V Systems,VSYS
374,Achain,ACT
375,ContentBox,BOX
376,Energy Web Token,EWT
377,InsurAce,INSUR
378,Value Liquidity,VALUE
379,LEO Token,LEO
380,Whole Network,NODE
381,Electroneum,ETN
382,Darwinia Network,RING
383,MonaCoin,MONA
384,Stafi,FIS
385,DigitalBits,XDGB
386,Huobi Pool Token,HPT
387,Livepeer,LPT
388,DeepBrain Chain,DBC
389,APIX,APIX
390,Braintrust,BTRST
391,MIXMARVEL,MIX
392,Kcash,KCASH
393,Elitium,EUM
394,XY Oracle,XYO
395,Sologenic,SOLO
396,WABI,WABI
397,Super Zero,SERO
398,SunContract,SNC
399,VNT Chain,VNT
400,BlackPool Token,BPT
401,Crypviser,CVCOIN
402,Newscrypto Coin,NWC
403,UBIX Network,UBX
404,Dero,DERO
405,HyperDAO,HDAO
406,Eminer,EM
407,Phantasma,SOUL
408,TenX,PAY
409,Spartan Protocol Token,SPARTA
410,AppCoins,APPC
411,Syntropy,NOIA
412,Celo Dollar,CELOUSD
413,SONM,SNM
414,OriginTrail,TRAC
415,Pivot Token,PVT
416,Euro Tether,EURT
417,RIF Token,RIF
418,Neblio,NEBL
419,Agrello Delta,DLT
420,Newton,NEW
421,BetProtocol,BEPRO
422,Aleph.im,ALEPH
423,FairGame,FAIRG
424,BOSAGORA,BOA
425,Grin,GRIN
426,SOLVE,SOLVE
427,Skycoin,SKY
428,Cashaa,CAS
429,Seele,SEELE
430,Kleros,PNK
431,Pool-X,POL
432,GNY,GNY
433,Homeros,HMR
434,Meme,MEME
435,Raiden Network Token,RDN
436,Data,DTA
437,The Midas Touch Gold,TMTG
438,Propy,PRO
439,Sylo,SYLO
440,Meta,MTA
441,Ruff,RUFF
442,Cryptocean,CRON
443,TOP Network,TOPN
444,Yoyow,YOYOW
445,Student Coin,STC
446,Validity,VAL
447,QLC Chain,QLC
448,MATH,MATH
449,Essentia,ESS
450,Oxygen,OXY
451,Odyssey,OCN
452,Assemble Protocol,ASM
453,LinkEye,LET
454,Klever,KLV
455,Tripio,TRIO
456,High Performance Blockchain,HPB
457,Nexus,NXS
458,Raiden Network,RDNN
459,Uquid Coin,UQC
460,CoinMeet,MEET
461,Akash Network,AKT
462,Edgeware,EDGEW
463,Golff,GOF
464,Crypterium,CRPT
465,Bitkan,KAN
466,YOU Chain,YOU
467,SENSO,SENSO
468,MixTrust,MXT
469,Chain Guardians,CGG
470,Quantstamp,QSP
471,Skrumble Network,SKM
472,Enecuum,ENQ
473,HitChain,HIT
474,Hive Dollar,HBD
475,Genaro Network,GNX
476,Everex,EVX
477,Metadium,META
478,Covesting,COV
479,Bitcoin HD,BHD
480,Orient Walt,HTDF
481,Radicle,RAD
482,CNNS,CNNS
483,YAM,YAM
484,Tether Gold,XAUT
485,TerraKRW,KRT
486,Futureswap,FST
487,Crypto.com,MCO
488,Monetha,MTH
489,EasyFi V2,EZ
490,SafeMoon,SAFEMOON
491,GMB,GMB
492,Gath3r,GTH
493,Aryacoin,AYA
494,Amber,AMB
495,MediShares,MDS
496,dHedge DAO,DHT
497,Atlas Protocol,ATP
498,Yee,YEE
499,Vidy,VIDY
500,Topchain,TOPC
501,ARCS,ARX
502,OneLedger,OLT
503,ROOBEE,ROOBEE
504,Private Instant Verified Transaction,PIVX
505,cUSDT,CUSDT
506,Insureum,ISR
507,Nimiq,NIM
508,Ternio,TERN
509,ChainX,PCX
510,Credits,CRDTS
511,Cred,LBA
512,ToKoin,TOKO
513,Polkamarkets,POLK
514,The Forbidden Forest,FORESTPLUS
515,PumaPay,PMA
516,xDai Chain,STAKE
517,Bread token,BRD
518,Jarvis+,JAR
519,Nucleus Vision,NCASH
520,Yap Stone,YAP
521,PlayChip,PLA
522,8X8 Protocol,8X8
523,renBTC,RENBTC
524,GoChain,GO
525,Cryptoindex,CIX100
526,Lympo,LYM
527,U Network,UUU
528,Maxonrow,MXW
529,Coinsbit Token,CNB
530,Kadena,KDA
531,UniTrade,TRADE
532,Genesis Vision,GVT
533,Oax,OAX
534,Ripio,RCN
535,Poa Network,POA
536,ZBG Token,ZT
537,Kylin Network,KYL
538,SUKU,SUKU
539,Bolt,BOLT
540,SatoPay,STOP
541,Time New Bank,TNB
542,FortKnoxster,FKX
543,EdenChain,EDN
544,Callisto Network,CLO
545,Quoine Liquid,QASH
546,Symbol,XYM
547,MetaHash,MHC
548,SureRemit,RMT
549,Alchemy,ALCH
550,sUSD,SUSD
551,Echoin,EC
552,Kryll,KRL
553,Temtum,TEM
554,UniLayer,LAYER
555,Handshake,HNS
556,Energi,NRG
557,Centrifuge,CFG
558,CryptoFranc,XCHF
559,NextDAO,NAX
560,Centrality Token,CENNZ
561,SmartCash,SMART
562,PlayFuel,PLF
563,Intelligent Investment Chain,IIC
564,aXpire,AXPR
565,tBridge Token,TAI
566,BiLira,TRYB
567,Aidos Kuneen,ADK
568,Santiment,SAN
569,CyberVein,CVT
570,Airbloc,ABL
571,CarVertical,CV
572,PCHAIN,PI
573,Sentinel Chain,SENC
574,Waves Enterprise,WEST
575,Presearch,PRE
576,Cindicator,CND
577,Gnosis,GNO
578,JackPool.finance,JFI
579,LikeCoin,LIKE
580,PARSIQ,PRQ
581,STASIS EURS,EURS
582,Bondly,BONDLY
583,Pearl Finance,PEARL
584,Dragonchain,DRGN
585,Bitcoin Vault,BTCV
586,SirinLabs,SRN
587,WaykiChain Governance Coin,WGRT
588,Bitpanda Ecosystem Token,BEST
589,Medicalchain,MDCL
590,Creditcoin,CTC
591,Globe Derivative Exchange,GDT
592,Realio Network,RIO
593,Content Neutrality Network,CNN
594,Merculet,MVP
595,UniBright,UBT
596,S.Finance,SFG
597,Ratecoin,XRA
598,Acute Angle Cloud,AAC
599,Yggdrash,YEED
600,Valid,VLD
601,Plair,PLAI
602,Pigeoncoin,PGN
603,Oxen,OXEN
604,THEKEY Token,TKY
605,Suterusu,SUTER
606,ShareToken,SHR
607,DeFiPie,DPIE
608,D Community,DILI
609,The Effect.ai,EFX
610,Pirate Chain,ARRR
611,AMO Coin,AMO
612,VINCI,VINCI
613,EOSForce,EOSC
614,MAP Protocol,MAP
615,DxChain Token,DX
616,Swingby,SWINGBY
617,Smart Bitcoin,RBTC
618,Yuan Chain Coin,YCC
619,CargoX,CXO
620,Switcheo,SWTH
621,TitanSwap,TITAN
622,BF Token,BFT
623,SBank,STS
624,ViaCoin,VIA
625,Vertcoin,VTC
626,NNB Token,NNB
627,OriginSport,OGSP
628,KOK Coin,KOK
629,Kambria,KAT
630,Blockcloud,BLOC
631,RED MegaWatt,MWAT
632,OpenChat,CHAT
633,Fyooz,FYZ
634,Slate,SLX
635,BABB,BAX
636,EDUCare,EKT
637,Pundi X,PUNDIX
638,Naka Bodhi Token,NBOT
639,Ether star blockchain,ETSC
640,Friendz,FDZ
641,HYCON,HYC
642,Matryx,MTX
643,IQeon,IQN
644,REVV,REVV
645,Factom,FCT
646,WOM,WOM
647,Metronome,MET
648,Blockchain Cuties Universe Governance,BCUG
649,EduCoin,EDU
650,LCX,LCX
651,EXMO Coin,EXM
652,FeatherCoin,FTC
653,Obyte,GBYTE
654,Decentralized Accessible Content Chain,DACC
655,Exchange Union,XUC
656,STK Token,STK
657,Perth Mint Gold Token,PMGT
658,apM Coin,APM
659,Einsteinium,EMC2
660,Dentacoin,DCN
661,Pillar,PLR
662,Valor Token,VALOR
663,Velas,VLX
664,NFTX,NFTX
665,Hiveterminal Token,HVN
666,BTSE Token,BTSE
667,BitcoinX,BCX
668,The Crypto Prophecies,TCP
669,Nxt,NXT
670,Blocery,BLY
671,ROAD,ROAD
672,LemoChain,LEMO
673,JOYS,JOYS
674,TE-FOOD,TONE
675,Delphy,DPY
676,TriumphX,TRIX
677,Lua Token,LUA
678,Adbank,ADB
679,Xensor,XSR
680,Muse,MUSE
681,DMM: Governance,DMG
682,Kulupu,KLP
683,Gamecredits,GAME
684,Stronghold Token,SHX
685,BTEcoin,BTE
686,Metaverse,ETP
687,Open Platform,OPEN
688,Ultrain,UGAS
689,Haven Protocol,XHV
690,MyriadCoin,XMY
691,Ultiledger,ULT
692,Render Token,RNDR
693,Hoard,HRD
694,AI Doctor,AIDOC
695,FansTime,FTI
696,Hxro,HXRO
697,OneRoot Network,RNT
698,Datum,DAT
699,BitUP Token,BUT
700,SEER,SEER
701,Sentivate,SNTVT
702,Simple Token,OST
703,Reddcoin,RDD
704,Modefi,MOD
705,Qfora,QUROZ
706,Cappasity,CAPP
707,TEMCO,TEMCO
708,Levolution,LEVL
709,AAX Token,AAB
710,DigitalNote,XDN
711,HashCoin,HSC
712,PLANET,PLAC
713,BlockNet,BLOCK
714,DigiFinexToken,DFXT
715,VideoCoin,VID
716,Ravencoin Classic,RVC
717,Particl,PART
718,SparkPoint,SRK
719,ThingsOperatingSystem,TOS
720,NDN Link,NDN
721,Pickle Finance,PICKLE
722,ByteCoin,BCN
723,TurtleCoin,TRTL
724,LBRY Credits,LBC
725,Global Social Chain,GSC
726,UnitedBitcoin,UBTC
727,Super Bitcoin,SBTC
728,Zyro,ZYRO
729,Gulden,NLG
730,Mini,MINI
731,Pledgecamp,PLG
732,Bounty0x,BNTY
733,Electrify.Asia,ELEC
734,GoWithMi,GMAT
735,RED,RED
736,EchoLink,EKO
737,Morpheus Network,MRPH
738,REMME,REM
739,Hakka Finance,HAKKA
740,PeerCoin,PPC
741,Ally,ALY
742,Hydro,HYDRO
743,Mobius,MOBI
744,Digix DAO,DGD
745,Invictus Hyperion Fund,IHF
746,Dapp Token,DAPPT
747,Metacoin,METAC
748,BeeKan,BKBT
749,Portal,PORTAL
750,LITEX,LXT
751,NagaCoin,NGC
752,BKEX Token,BKK
753,Ubiq,UBQ
754,Spice,SPICE
755,Zeepin,ZPT
756,Allive,ALV
757,DIGG,DIGG
758,Bottos,BTO
759,Metaverse,DNA
760,Zaif Token,ZAIF
761,Etherparty,FUEL
762,HTML Coin,HTML
763,Renrenbit,RRB
764,DOS Network,DOS
765,DPRating,RATING
766,1World,1WO
767,Curecoin,CURE
768,Hashgard,GARD
769,Tap,XTP
770,Edgeless,EDG
771,Scry.info,DDD
772,Anchor Neural World,ANW
773,Energo,TSL
774,Alchemist,MIST
775,MEX,MEX
776,Gems,GEM
777,HUNT,HUNT
778,WABnetwork,WAB
779,GSENetwork,GSE
780,Green Energy Token,WPP
781,Hyperion,HYN
782,I-House Token,IHT
783,Zilla,ZLA
784,Foam,FOAM
785,Salt Lending,SALT
786,En-Tan-Mo,ETM
787,PolySwarm,POLYS
788,Shopping.io,SPI
789,Monero Classic,XMC
790,Qbao,QBAO
791,Insights Network,INSTAR
792,CoinFi,COFI
793,Reserve,RSV
794,InvestDigital,IDT
795,BNS token,BNS
796,BitTube,TUBE
797,SibCoin,SIB
798,Hedget,HGET
799,ORS Group,ORS
800,Humanscape,HUM
801,Stox,STOX
802,Decentr,DECENTR
803,Kin,KIN
804,XAYA,XAYA
805,Efinity,EFI
806,NeuroChain,NCC
807,Thx!,THANKS
808,BenePit,BNP
809,VeriBlock,VBK
810,4ART Coin,4ART
811,VEIL,VEIL
812,Dogz,DOGZ
813,Tepleton,TEP
814,Aurora,AOA
815,Ignis,IGNIS
816,Insight Protocol,INXP
817,Level01,LVX
818,PROT,PROT
819,eosDAC,EOSDAC
820,Chronologic,DAY
821,Caspian,CSP
822,BrickBlock,XBB
823,Ink,INK
824,Bob's Repair,BOBS
825,Digitex Futures,DGTX
826,PinkCoin,PINK
827,LBK,LBK
828,Tachyon Protocol,IPX
829,Bankera,BNK
830,B21,B21
831,Casino Betting Coin,CBC
832,BitDegree,BDG
833,Phoenix,PHX
834,Loon Network,LOON
835,Efforce,WOZX
836,Opair,XPO
837,AEON,AEON
838,Nectar,NEC
839,Snetwork,SNET
840,Ormeus Ecosystem,ECO
841,BLOCKv,VEE
842,Flo,FLO
843,Expanse,EXP
844,ITOChain,ITOC
845,Polybius,PLBT
846,FlypMe,FYP
847,EBCoin,EBC
848,PepeCoin,PEPE
849,Morpheus Infrastructure Token,MITX
850,Smartshare,SSP
851,tBTC,TBTC
852,GoByte,GBX
853,Cryptobuyer,XPT
854,Prometeus,PROM
855,RedFOX Labs,RFOX
856,Digital Wallet,DWC
857,Exclusive Coin,EXCL
858,Inlock,ILK
859,Quantum Resistant Ledger,QRL
860,PotCoin,POT
861,Enigma,ENG
862,Lunyr,LUN
863,WhiteCoin,XWC
864,BlockCDN,BCDN
865,SoPay,SOP
866,Zap,ZAP
867,Crown Coin,CRW
868,BlackCoin,BLK
869,Elamachain,ELAMA
870,GeoCoin,GEO
871,Sashimi,SASHIMI
872,0chain,ZCN
873,Connectome,CNTM
874,MonetaryUnit,MUE
875,VIBEHub,VIBE
876,2key.network,2KEY
877,The Hempcoin,THC
878,Zeusshield,ZSC
879,Tendies,TEND
880,Dawn Protocol,DAWN
881,DAV,DAV
882,Algory,ALG
883,Flixxo,FLIXX
884,LitecoinCash,LCC
885,GEchain,GE
886,YF Link,YFL
887,Penta,PENTA
888,Patientory,PTOY
889,ECOChain,ECOCH
890,Kind Ads,KIND
891,Abyss Finance,ABYSS
892,Brazilian Digital Token,BRZ
893,LATOKEN,LA
894,PhoenixDAO,PHNX
895,StealthCoin,XST
896,ParkinGo,GOT
897,FintruX,FTX
898,Themis,THEMIS
899,Decentralized Vulnerability Platform,DVP
900,Atletico de Madrid Fan Token,ATM
901,IndaHash,IDH
902,Crowd Machine,CMCT
903,BitCanna,BCNA
904,SafeBTC,SAFEBTC
905,NoLimitCoin,NLC2
906,G50,G50
907,BitCherry,BCHC
908,Lendingblock,LND
909,Atari Token,ATRI
910,Pluton,PLU
911,Faceter,FACE
912,BANCA,BANCA
913,Yield Protocol,YIELD
914,CPChain,CPC
915,Eureka Coin,ERK
916,DigiDinar Token,DDRT
917,PITCH,PITCH
918,Azbit,AZ
919,Crypto20,C20
920,Usechain Token,USE
921,IQ.cash,IQC
922,DMarket,DMT
923,BTU Protocol,BTU
924,Fortuna,FOTA
925,IOCoin,IOC
926,FedoraCoin,TIPS
927,More Coin,MORE
928,WebFlix,WFX
929,Amon,AMN
930,Rentberry,BERRY
931,GSTCOIN,GSTC
932,Imbrex,REX
933,Robotina,ROX
934,Aventus,AVT
935,Agoras Token,AGRS
936,Mysterium,MYST
937,ShipChain,SHIP
938,12Ships,TSHP
939,Akropolis Delphi,ADEL
940,DOVU,DOV
941,CORN,CORN
942,Blucon,BEP
943,King DAG,KDAG
944,Bitcoin God,GOD
945,Native Utility Token,NUT
946,Muzika Network,MZK
947,Neumark,NEU
948,Empty Set Dollar,ESD
949,GreenPower,GRN
950,Ystar,YSR
951,Vanywhere,VANY
952,DomRaider,DRT
953,InsurePal,IPL
954,FirmaChain,FMCT
955,AIDUS Token,AIDUS
956,BlockMason Credit Protocol,BCPT
957,Maecenas,ART
958,PeerEx Network,PERX
959,Po.et,POE
960,Blue Whale,BWX
961,Playkey,PKT
962,ADAMANT Messenger,ADM
963,United Traders Token,UTT
964,OctoFi,OCTO
965,CONUN,CONUN
966,FME,FME
967,Agricultural Trade Chain,AAT
968,HedgeTrade,HEDG
969,MCDEX,MCB
970,BlockMesh,BMH
971,Darwinia Commitment Token,KTON
972,Starbase,STAR
973,EOSDT,EOSDT
974,CosmoChain,COSM
975,Bitcoin Rhodium,XRC
976,LiquidApps,DAPP
977,Swarm City Token,SWT
978,Alphacat,ACAT
979,Substratum Network,SUB
980,Tutor's Diary,TUDA
981,Bridge Protocol,BRDG
982,PayPie,PPP
983,Time,TIME
984,EtherZero,ETZ
985,CryptoPay,CPAY
986,SaluS,SLS
987,Joule,JUL
988,CoinPoker Token,CHP
989,Blackmoon Crypto,BMC
990,StockChain Coin,SCC
991,Auctus,AUC
992,Emercoin,EMC
993,Signal,SIG
994,Gameflip,FLP
995,Suretly,SUR
996,VeriCoin,VRC
997,Geeq,GEEQ
998,Neutrino Token,NSBT
999,Universal Carbon,UPCO2
1000,Sphere Coin,SPHR
1001,Ormeus Coin,ORME
1002,BBD Token,BBDT
1003,Cryptaur,CPT
1004,Swarm Fund,SWM
1005,FuzeX,FXT
1006,YAM v2,YAMV2
1007,BUMO,BU
1008,Bezant,BZNT
1009,Goose Finance,EGG
1010,Dash Cash,DSC
1011,Meridian Network LOCK,LOCK
1012,Vodi X,VDX
1013,The Famous Token,TFT
1014,Change,CAG
1015,TokenPay,TPAY
1016,Crowns,CWS
1017,nahmii,NII
1018,MobileGo,MGO
1019,Lition,LITION
1020,IZIChain,IZI
1021,DAEX,DAX
1022,Zynecoin,ZYN
1023,The Chain of Business Entertainment,CBE
1024,Attila,ATT
1025,Xfinance,XFI
1026,Data Transaction,DTC
1027,YFValue,YFV
1028,Oxcert,ZXC
1029,Zurcoin,ZUR
1030,ZumCoin,ZUM
1031,Zeux,ZUC
1032,ZrCoin,ZRC
1033,ZPER,ZPR
1034,ZoomCoin,ZOOM
1035,01coin,ZOC
1036,ZENZO,ZNZ
1037,ZoneCoin,ZNE
1038,Zenad,ZND
1039,ZMINE,ZMN
1040,ZLiteQubit,ZLQ
1041,Zippie,ZIPT
1042,Zipper,ZIP
1043,ZINC,ZINC
1044,Zeta2Coin,ZET2
1045,ZetaCoin,ZET
1046,ZestCoin,ZEST
1047,ZeroBank,ZEROB
1048,Zero Exchange,ZERO
1049,Zero,ZER
1050,Zeon Network,ZEON
1051,PANTHEON X,XPN
1052,Zennies,ZENI
1053,ZCashDarkCoin,ZECD
1054,Zloadr,ZDR
1055,ZCore,ZCR
1056,Zebi Coin,ZCO
1057,ZClassic,ZCL
1058,ZeroCarbon,ZCC1
1059,ZatGo,ZAT
1060,Zano,ZANO
1061,Crowdholding,YUP
1062,Yumerium,YUM
1063,YENTEN,YTN
1064,YottaChain,YTA
1065,YobitVirtualCoin,YOVI
1066,YoCoin,YOC
1067,Yobit Token,YO
1068,YamahaCoin,YMC
1069,Ycash,YEC
1070,YbCoin,YBC
1071,Ixinium,XXA
1072,World Trade Funds,XWT
1073,Swap,XWP
1074,VirtacoinPlus,XVP
1075,The Vegan Initiative,XVE
1076,Vcash,XVC
1077,UPcoin,XUP
1078,UltraNote,XUN
1079,TileCoin,XTC
1080,Xt3ch,XT3
1081,xSUSHI,XSUSHI
1082,Safe Trade Coin,XSTC
1083,SpectreSecurityCoin,XSPC
1084,Stakenet,XSN
1085,Stability Shares,XSI
1086,SHIELD,XSH
1087,BitSeeds,XSEED
1088,SounDAC,XSD
1089,Hyperspace,XSC
1090,Rialto.AI,XRL
1091,Qredit,XQR
1092,Quotient,XQN
1093,PayCoin,XPY
1094,PokerSports,XPST
1095,PoisonIvyCoin,XPS
1096,ProCoin,XPRO
1097,PrimeCoin,XPM
1098,PetroDollar,XPD
1099,Pebble Coin,XPB
1100,Zelcash,ZEL
1101,CounterParty,XCP
1102,Bitnation Pangea,XPAT
1103,Experience Points,XP
1104,XOVBank,XOV
1105,Sora,XOR
1106,XanaxCoin,XNX
1107,Exenium,XNT
1108,Xenon,XNN
1109,Ink Protocol,XNK
1110,Enigma,XNG
1111,Xeonbit,XNB
1112,XMax,XMX
1113,MoneroV,XMV
1114,Megastake,XMS
1115,Monero Gold,XMRG
1116,Monero Original,XMO
1117,Motion,XMN
1118,Coin Magi,XMG
1119,Solaris,XLR
1120,Alqo,XLQ
1121,LeviarCoin,XLC
1122,Scala,XLA
1123,Xios,XIOS
1124,XIO,XIO
1125,Mixin,XIN
1126,GoldReserve,XGR
1127,XG Sports,XG
1128,Offshift,XFTC
1129,Football Coin,XFC
1130,Eternal Token,XET
1131,Proxeus,XES
1132,Xenoverse,XENO
1133,Elastic,XEL
1134,Exeedme,XED
1135,Dirac Coin,XDQ
1136,DogeParty,XDP
1137,XDNA,XDNA
1138,DragonSphere,XDB
1139,Data Transaction Token,XD
1140,C-Bits,XCT
1141,Crypti,XCR
1142,XCoin,XCO
1143,Cryptonite,XCN
1144,ClearCoin,XCLR
1145,Xchange,XCG
1146,Cerium,XCE
1147,X-CASH,XCASH
1148,X11 Coin,XC
1149,Bitstake,XBS
1150,Bitacium,XBOND
1151,Bitcoin Incognito,XBI
1152,BitGrin,XBG
1153,BitcoinPlus,XBC
1154,Xaurum,XAUR
1155,Asch,XAS
1156,Apollon,XAP
1157,X8Currency,X8X
1158,X42 Protocol,X42
1159,X2Coin,X2
1160,Wysker,WYS
1161,Wowbit,WWB
1162,Giga Watt,WTT
1163,Welltrado,WTL
1164,WeToken,WT
1165,WRTcoin,WRT
1166,Worldcore,WRC
1167,WePower,WPR
1168,Worx,WORX
1169,Woonkly,WOONK
1170,Insanity Coin,WOLF
1171,WMCoin,WMC
1172,WatermelonBlock,WMB
1173,WOLLO,WLO
1174,Wolk,WLK
1175,Wolfs Group,WLF
1176,Wixlar,WIX
1177,Witcoin,WIT
1178,MyWish,WISH
1179,Wise Token,WISE
1180,WisdomCoin,WISC
1181,WinToken,WINT
1182,Wink,WINK
1183,WineCoin,WINE
1184,Wild Crypto,WILD
1185,Wibson,WIB
1186,Truwho,WHO
1187,WhenHub,WHEN
1188,WHALE,WHALE
1189,Wagerr,WGR
1190,WavesGO,WGO
1191,WeGen Platform,WGC
1192,Well,WELL
1193,Webchain,WEBC
1194,Crowdwiz,WIZ
1195,Wiki Token,WIKI
1196,BiteX,XBX
1197,W Green Pay,WGP
1198,Wings DAO,WINGS
1199,WITH,WIKEN
1200,WETH,WETH
1201,TerraUSD,UST
1202,Universa,UTNP
1203,3X Long Tether Token,USDTBULL
1204,StableUSD,USDS
1205,Webcoin,WEB
1206,WealthCoin,WEALTH
1207,WorldCoin,WDC
1208,Waves Community Token,WCT
1209,WCoin,WCOIN
1210,Wincash Coin,WCC
1211,Wavesbet,WBET
1212,Wild Beast Coin,WBB
1213,WayCoin,WAY
1214,WashingtonCoin,WASH
1215,WarpCoin,WARP
1216,WandX,WAND
1217,Waifu Token,WAIF
1218,Digiwage,WAGE
1219,W3Coin,W3C
1220,W12 Protocol,W12
1221,W1,W1
1222,Vezt,VZT
1223,VV Coin,VVI
1224,Vulcano,VULC
1225,Victoriouscoin,VTY
1226,Vertex,VTX
1227,Vtorrent,VTR
1228,Victorieum,VTM
1229,Vertical,VTL
1230,Vostok,VST
1231,vSlice,VSL
1232,Verity,VRTY
1233,Verus Coin,VRSC
1234,Veros,VRS
1235,Prosense.tv,VRP
1236,Verium,VRM
1237,Voyacoin,VOYA
1238,Votecoin,VOT
1239,BitVolt,VOLT
1240,Vollar,VOLLAR
1241,Volume Network,VOL
1242,Voise,VOISE
1243,Provoco,VOCO
1244,VNX Exchange,VNXLU
1245,VisionX,VNX
1246,VNDC,VNDC
1247,TrueVett,VME
1248,VirtualMining Coin,VMC
1249,Veltor,VLT
1250,Veles,VLS
1251,Valorem,VLR
1252,Vivid Coin,VIVID
1253,Viuly,VIU
1254,Vitae,VITAE
1255,Vision Industry Token,VIT
1256,Viral Coin,VIRAL
1257,VIP Tokens,VIP
1258,ViorCoin,VIOR
1259,VinChain,VIN
1260,TheVig,VIG
1261,Viewly,VIEW
1262,Victorium,VIC
1263,Vid,VI
1264,VestChain,VEST
1265,Veritaseum,VERI
1266,VenusEnergy,VENUS
1267,Vena Network,VENA
1268,VeChain Old,VEN
1269,BitVegan,VEG
1270,LIVEEN,VEEN
1271,VectorCoin 2.0,VEC2
1272,VidioCoin,VDO
1273,Vidulum,VDL
1274,VB Token,VBT
1275,Varius,VARIUS
1276,Vaporcoin,VAPOR
1277,Validator Token,VALID
1278,Utility Coin,UTIL
1279,Unicorn Technology International,UTI
1280,UltraCoin,UTC
1281,Ulord,UT
1282,Unified Society USDEX,USX
1283,USDSB,USDSB
1284,USDQ,USDQ
1285,USDK,USDK
1286,HonestCoin,USDH
1287,UnitaryStatus Dollar,USDE
1288,USC,USCC
1289,UroCoin,URO
1290,Urals Coin,URALS
1291,Uranus,URAC
1292,uPlexa,UPX
1293,Universal US Dollar,UPUSD
1294,Universal Euro,UPEUR
1295,Amoveo,VEO
1296,Vanta Network,VANT
1297,USDA,USDA
1298,3X Short Tether Token,USDTBEAR
1299,Universal Protocol Token,UPT
1300,Vexanium,VEX
1301,UpToken,UP
1302,UnlimitedIP,UIP
1303,UOS,UOS
1304,Unobtanium,UNO
1305,SuperNET,UNITY
1306,Universal Currency,UNIT
1307,Uniqredit,UNIQ
1308,UNICORN Token,UNICORN
1309,Unfed Coin,UNF
1310,United Network Distribution,UND
1311,UnbreakableCoin,UNB
1312,Unattanium,UNAT
1313,Umbrella Coin,UMC
1314,Umbrella,ULTC
1315,UnikoinGold,UKG
1316,Unitus,UIS
1317,Alliance Chain,UIN
1318,Universal Games Token,UGT
1319,ugChain,UGC
1320,Unknown Fair Object,UFOC
1321,UFO Coin,UFO
1322,Union Fair Coin,UFC
1323,Useless Ethereum Token,UET
1324,UniversalEnergyChain,UENC
1325,United Emirates Coin,UEC
1326,Howdoo,UDOO
1327,UnitedCrowd,UCT
1328,UC Coin,UCN
1329,UChain,UCH
1330,U.CASH,UCASH
1331,YouLive Coin,UC
1332,Ubiqoin,UBIQ
1333,Ubex,UBEX
1334,Ubcoin,UBC
1335,UltrAlpha,UAT
1336,Ucoin,U
1337,TrezarCoin,TZC
1338,Tianya Token,TYT
1339,Typerium,TYPE
1340,TuneTrade,TXT
1341,Transfer,TX
1342,TwisterCoin,TWIST
1343,TWEEBAA,TWEE
1344,Turron,TUR
1345,TV-TWO,TTV
1346,TaTaTu,TTU
1347,The Transfer Token,TTT
1348,Titan Coin,TTN
1349,TTC PROTOCOL,TTC
1350,Tesra,TSR
1351,ThunderStake,TSC
1352,Trivechain,TRVC
1353,TrustVerse,TRV
1354,TrustDAO,TRUST
1355,Trump Wins Token,TRUMPWIN
1356,Trump Loses Token,TRUMPLOSE
1357,Trittium,TRTT
1358,TrustCoin,TRST
1359,Tronipay,TRP
1360,Trollcoin,TROLL
1361,TruckCoin,TRK
1362,Trigger,TRIG
1363,TrickyCoin,TRICK
1364,Triaconta,TRIA
1365,Triangles Coin,TRI
1366,Tourist Review,TRET
1367,HyperionX,TREE
1368,Trident,TRDT
1369,Traders Token,TRDS
1370,Tracto,TRCT
1371,Treecle,TRCL
1372,TRCB Chain,TRCB
1373,TerraCoin,TRC
1374,Traxia Membership Token,TRAXIA
1375,TrakInvest,TRAK
1376,Traid,TRAID
1377,Troll Payment,TPG
1378,TPCash,TPC
1379,TotCoin,TOT
1380,T.OS,TOSC
1381,Tolar,TOL
1382,Tokyo Coin,TOKC
1383,TodayCoin,TODAY
1384,Tierion,TNT
1385,Transcodium,TNS
1386,TranslateMe,TMN
1387,TulipCoin,TLP
1388,Telos,TLOS
1389,Crypto Tickets,TKT
1390,Tokes,TKS
1391,CryptoInsight,TKR
1392,Monolith,TKN
1393,TurkeyChain,TKC
1394,Tokia,TKA
1395,Blocktix,TIX
1396,TitCoin,TITC
1397,TittieCoin,TIT
1398,Tip Blockchain,TIP
1399,TIOx,TIOX
1400,Upfiring,UFR
1401,Trustswap,SWAP
1402,Timicoin,TIMI
1403,Tigereum,TIG
1404,Ties Network,TIE
1405,TrueInvestmentCoin,TIC
1406,Tianhe,TIA
1407,Thorenext,THX
1408,ThriveToken,THRT
1409,Thorecoin,THR
1410,TurboHigh Performance,THP
1411,Athero,THO
1412,Thore Exchange,THEX
1413,TargetCoin,TGT
1414,TigerCoin,TGC
1415,TrueGame,TGAME
1416,TeslaCoin,TES
1417,TERA,TERA
1418,Tennet,TENNET
1419,Tokenomy,TEN
1420,Teloscoin,TELOS
1421,Tellurion,TELL
1422,Miracle Tele,TELE
1423,TechCoin,TECH
1424,TeCoin,TEC
1425,TeamUP,TEAM
1426,Tidex Token,TDX
1427,TokenDesk,TDS
1428,TrueDeck,TDP
1429,TDFB,TDFB
1430,Trade Ecology Token,TDE
1431,T-Coin,TCX
1432,ThinkCoin,TCO
1433,Tercet Network,TCNX
1434,ThoreCashTRX,TCHTRX
1435,Teachers Blockchain,TCHB
1436,Tchain,TCHAIN
1437,The ChampCoin,TCC
1438,Tokenbox,TBX
1439,T-BOT,TBT
1440,Tombola,TBL
1441,TrashBurn,TBCX
1442,Titanium BAR,TBAR
1443,Taurus Coin,TAUC
1444,Lamden Tau,TAU
1445,TARUSH,TAS
1446,TappingCoin,TAP
1447,TamaGucci,TAM
1448,Talao,TALAO
1449,True Flip Lottery,TFL
1450,Total Crypto Market Cap,TCAP
1451,Taklimakan,TAN
1452,TakCoin,TAK
1453,Think And Get Rich Coin,TAGR
1454,Traceability Chain,TAC
1455,MollyCoin,TAB
1456,Token as a Service,TAAS
1457,Syndicate,SYNX
1458,SymVerse,SYM
1459,SynchroCoin,SYC
1460,SPECTRE Utility Token,SXUT
1461,SPECTRE Dividend Token,SXDT
1462,SportX,SX
1463,SwingCoin,SWING
1464,BitSwift,SWIFT
1465,SweetStake,SWEET
1466,Scanetchain Token,SWC
1467,SwarmCoin,SWARM
1468,Swachhcoin,SWACH
1469,savedroid,SVD
1470,Supcoin,SUP
1471,Sativa Coin,STV
1472,BitJob,STU
1473,STARS,STRS
1474,STREAMIT COIN,STREAM
1475,Storiqa Token,STQ
1476,StashPay,STP
1477,Storm,STORM
1478,Save The Ocean,STO
1479,Stakerush,STHR
1480,STEX,STEX
1481,Staked Ether,STETH
1482,Steps,STEPS
1483,Steneum Coin,STEN
1484,SteepCoin,STEEP
1485,BitStash,STASH
1486,StartCoin,START
1487,StalinCoin,STALIN
1488,STACS Token,STACS
1489,STAC,STAC
1490,Starta,STA
1491,SunShotCoin,SSTC
1492,ShareChain,SSS
1493,StreamSpace,SSH
1494,Sonic Screw Driver Coin,SSD
1495,SelfSell,SSC
1496,Sharder,SS
1497,Serenity,SRNT
1498,SocialRemit,SREUR
1499,SRCoin,SRCOIN
1500,Squall Coin,SQL
1501,SingularDTV,SNGLS
1502,SpendCoin,SPENDC
1503,SolarCoin,SLR
1504,Sp8de,SPX
1505,SpritzCoin,SPRTZ
1506,Sprouts,SPRTS
1507,Spots,SPOTS
1508,SportsCoin,SPORT
1509,Spock,SPOK
1510,Spindle,SPND
1511,Sapien Network,SPN
1512,Supreme,SPM
1513,SmartPlay,SPLA
1514,Ghost Coin,SPKTR
1515,SparksPay,SPK
1516,SPIN Protocol,SPIN
1517,SophiaTX,SPHTX
1518,SportyCo,SPF
1519,SpecCoin,SPEC
1520,Stipend,SPD
1521,Specie,SPCIE
1522,SpankChain,SPANK
1523,Soverain,SOVE
1524,SoonCoin,SOON
1525,Simone,SON
1526,Soma,SOMA
1527,Sola,SOLA
1528,SoilCoin,SOIL
1529,SODA Coin,SODA
1530,Unisocks,SOCKS
1531,SocialCoin,SOCC
1532,Silent Notary,SNTR
1533,Synergy,SNRG
1534,SnapCoin,SNPC
1535,Snovio,SNOV
1536,Sport and Leisure,SNL
1537,LyrnAI,SNIP
1538,Sandcoin,SND
1539,SynchroBitcoin,SNB
1540,Samsara Coin,SMSR
1541,SmurfCoin,SMF
1542,SmartCoin,SMC
1543,Smartup,SMARTUP
1544,Social Media Coin,SMAC
1545,Silverway,SLV
1546,Social Lending Network,SLT
1547,SmartLands,SLST
1548,Sling Coin,SLING
1549,SterlingCoin,SLG
1550,SLICE,SLC
1551,SkyMap,SKYM
1552,SKYFchain,SKYFT
1553,Pirate Blocks,SKULL
1554,Skraps,SKRP
1555,Sakura Bloom,SKRB
1556,Skincoin,SKIN
1557,Skillchain,SKI
1558,SkullBuzz,SKB
1559,StorjCoin,SJCX
1560,SIX Network,SIX
1561,Strategic Investments in Significant Areas,SISA
1562,SINX Token,SINX
1563,SafeInsure,SINS
1564,SINOVATE,SIN
1565,SilkChain,SILKT
1566,SilkCoin,SILK
1567,Singular,SIGU
1568,Signatum,SIGT
1569,Sierracoin,SIERRA
1570,Swisscoin,SIC
1571,Shroom.Finance,SHROOM
1572,ShrekCoin,SHREK
1573,ShowCoin,SHOW
1574,ShortyCoin,SHORTY
1575,StrongHands,SHND
1576,ShieldCoin,SHLD
1577,Oyster Shell,SHL
1578,Shift,SHIFT
1579,Shine Chain,SHE
1580,Sharpe Capital,SHARPE
1581,Shilling,SH
1582,SGPay,SGP
1583,Signals Network,SGN
1584,Saifu,SFU
1585,SaffronCoin,SFR
1586,Serve,SERV
1587,Sequence,SEQ
1588,Smart Eye Operating System,SEOS
1589,Sentinel,SENT
1590,Sense Token,SENSE
1591,SENNO,SENNO
1592,Social Send,SEND
1593,Sentaro,SEN
1594,Semux,SEM
1595,SeedShares,SEEDS
1596,Superbloom,SEED
1597,SecureCryptoPayments,SEC
1598,Second Exchange Alliance,SEA
1599,TerraSDT,SDT
1600,Alchemint Standards,SDS
1601,KeeperDAO,ROOK
1602,Recovery Right Tokens,RRT
1603,SydPakCoin,SDP
1604,ShadowCash,SDC
1605,SDChain,SDA
1606,SharesChain,SCTK
1607,ScryptToken,SCT
1608,ScryptCoin,SCRPT
1609,Scroll,SCRL
1610,SCRIV,SCRIV
1611,Scribe Network,SCRIBE
1612,Scotcoin,SCOT
1613,Sociall,SCL
1614,Stem Cell,SCIA
1615,Shrine Cloud Storage Network,SCDS
1616,SpaceCash,SCASH
1617,SafeCapital,SCAP
1618,Subscriptio,SBSC
1619,Satisfaction Token,SAT
1620,Salmon,SALMON
1621,SalPay,SAL
1622,SAI,SAI
1623,SagaCoin,SAGA
1624,SafeExchangeCoin,SAFEX
1625,RazorCoin,RZR
1626,Anryze,RYZ
1627,Ryo,RYO
1628,Rivex,RVX
1629,Rivetz,RVT
1630,Revolution VR,RVR
1631,RustCoin,RUST
1632,Rupaya,RUPX
1633,Rupee,RUP
1634,Rublebit,RUBIT
1635,Rate3,RTE
1636,REGA Risk Sharing Token,RST
1637,Recycling Regeneration Chain,RRC
1638,Robin8 Profile Utility Token,RPUT
1639,Render Payment,RPM
1640,RocketPool,RPL
1641,Rapids,RPD
1642,RoyalCoin,ROYAL
1643,ROS Coin,ROS
1644,RootProject,ROOTS
1645,RootCoin,ROOT
1646,RON,RON
1647,Rover Coin,ROE
1648,Ice Rock Mining,ROCK2
1649,RocketCoin,ROCK
1650,Rasputin Online Coin,ROC
1651,RoBet,ROBET
1652,ROONEX,RNX
1653,Quiztok,QTCON
1654,RING X PLATFORM,RINGX
1655,BitRent,RNTB
1656,ReturnCoin,RNC
1657,Resumeo Shares,RMS
1658,RightMesh,RMESH
1659,Russian Mining Coin,RMC
1660,Relex,RLX
1661,Rock Token,RKT
1662,RAKON,RKN
1663,Royal Kingdom Coin,RKC
1664,Rise,RISE
1665,RipaEx,RIPAX
1666,Ride My Car,RIDE
1667,RiceCoin,RICE
1668,Riecoin,RIC
1669,RChain,RHOC
1670,Raido Financial,RF
1671,RealTract,RET
1672,Resistance,RES
1673,Repux,REPUX
1674,Remco,REMCO
1675,RefToken,REF
1676,Regalcoin,REC
1677,REBL,REBL
1678,REAL,REAL
1679,Realisto,REA
1680,Ordocoin,RDC
1681,RedCrowCoin,RCX
1682,RealChain,RCT
1683,RCoin,RCOIN
1684,RubyCoin,RBY
1685,RiptoBuX,RBX
1686,Ribbit Rewards,RBR
1687,ReturnBit,RBIT
1688,Ravelous,RAVE
1689,Ratio,RATIO
1690,Raise Token,RAISE
1691,RadicalCoin,RADI
1692,Qwertycoin,QWC
1693,Qwark,QWARK
1694,Qvolta,QVT
1695,QUSD,QUSD
1696,Quartz,QTZ
1697,Quatloo,QTL
1698,Quicksilver coin,QSLV
1699,Poseidon Network,QQQ
1700,QQBC IPFS BLOCKCHAIN,QQBC
1701,HEROcoin,PLAY
1702,QoraCoin,QORA
1703,Quanta,QNTU
1704,QuickX Protocol,QCX
1705,Quazar Coin,QCN
1706,Quebecoin,QBC
1707,Prizm,PZM
1708,Pylon Network,PYLNT
1709,PlayGame,PXG
1710,PXcoin,PX
1711,PutinCoin,PUT
1712,Pure,PURE
1713,PupaCoin,PUPA
1714,Pink Taxi Token,PTT
1715,Paytomat,PTI
1716,PesetaCoin,PTC
1717,Psilocybin,PSY
1718,Pool of Stake,PSK
1719,PSC Token,PSC
1720,Proton,PROTON
1721,ProCurrency,PROC
1722,Privatix,PRIX
1723,Paragon,PRG
1724,Premium,PREM
1725,ProsperCoin,PRC
1726,Prediqt,PQT
1727,QOOBER,QOOB
1728,Cubits,QBT
1729,QuBuck Coin,QBK
1730,Qubitica,QBIT
1731,Quantum,QAU
1732,Paycent,PYN
1733,Prime-X1,PXI
1734,PhoenixCoin,PXC
1735,PWR Coin,PWR
1736,Pushi,PUSHI
1737,Pura,PURA
1738,Pulse,PULSE
1739,Foresting,PTON
1740,PowerTrade Fuel,PTF
1741,PentaCoin,PTA
1742,Prasm,PSM
1743,PSIcoin,PSI
1744,PressOne,PRS
1745,Props,PROPS
1746,PrismChain,PRM
1747,PrimeChain,PRIME
1748,Proof Suite Token,PRFT
1749,Precium,PRCM
1750,ProChain,PRA
1751,Peerplays,PPY
1752,PopulStay,PPS
1753,Primpy,PPI
1754,ProducePay Chain,PP
1755,Poseidon Quark,POSQ
1756,PoSToken,POS
1757,ClearPoll,POLL
1758,PolisPay,POLIS
1759,Polka City,POLC
1760,POC Chain,POCC
1761,Peony Coin,PNY
1762,PhantomX,PNX
1763,PandaCoin,PND
1764,PlatiniumCoin,PNC
1765,Paymon,PMNT
1766,PlayCoin,PLY
1767,PluraCoin,PLURA
1768,PlatonCoin,PLTC
1769,Add.xyz,PLT
1770,PLNCoin,PLNC
1771,PlusCoin,PLC
1772,Platinum,PLAT
1773,PlanetCoin,PLANET
1774,Plancoin,PLAN
1775,Pikciochain,PKC
1776,ParkByte,PKB
1777,Lampix,PIX
1778,Pirl,PIRL
1779,PirateCash,PIRATE
1780,PiplCoin,PIPL
1781,Pioneershares,PIO
1782,PantherCoin,PINKX
1783,CryptoPing,PING
1784,Piggy Coin,PIGGY
1785,Pibble,PIB
1786,PATHHIVE,PHV
1787,Phreak,PHR
1788,Phore,PHORE
1789,Profit Hunters Coin,PHC
1790,PhiGold Coin,PGX
1791,Polyient Games Governance Token,PGT
1792,Prospectors,PGL
1793,Pegascoin,PGC
1794,PayFair,PFR
1795,PosEx,PEX
1796,PEPS Coin,PEPS
1797,Pepe Cash,PEPECASH
1798,PENG,PENG
1799,PenCoin,PENC
1800,Project Decorum,PDC
1801,Pantos,PAN
1802,ODEM,ODE
1803,Blockpass,PASS
1804,Omni,OMNI
1805,On.Live,ONL
1806,Pecunio,PCO
1807,PeepCoin,PCN
1808,Procom,PCM
1809,Peculium,PCL
1810,POPCHAIN,PCH
1811,Poseidon Chain,PCCM
1812,Promotion Coin,PC
1813,PUBLIQ,PBQ
1814,Pebbles,PBL
1815,Paparazzi,PAZZI
1816,PayPeer,PAYP
1817,PAXEX,PAXEX
1818,PATRON,PAT
1819,Pascal Coin,PASC
1820,Pareto Network Token,PARETO
1821,ParanoiaCoin,PARA
1822,PAMP Network,PAMP
1823,PolicyPal Network,PAL
1824,MurAll,PAINT
1825,PAC Global,PAC
1826,OWNDATA,OWN
1827,Owlstand,OWD
1828,Oduwa,OWC
1829,OVCODE,OVC
1830,Octanox,OTX
1831,OTOCASH,OTO
1832,Open Trading Network,OTN
1833,OSA Token,OSA
1834,OsmiumCoin,OS76
1835,Cointorox,OROX
1836,ORIUM,ORM
1837,OrlyCoin,ORLY
1838,Origami,ORI
1839,Galactrum,ORE
1840,Orbitcoin,ORB
1841,OptionCoin,OPTION
1842,Opus,OPT
1843,Opes,OPES
1844,Utrum,OOT
1845,ONO,ONOT
1846,DeepOnion,ONION
1847,SoMee.Social,ONG
1848,Project Shivom,OMX
1849,ECOMI,OMI
1850,OMEGA,OMEGA
1851,OmniCron,OMC
1852,OmegaCoin,OMA
1853,OlympCoin,OLYMP
1854,Olive,OLE
1855,OKOIN,OKOIN
1856,Online,OIO
1857,OIN Finance,OIN
1858,GOTOGOD,OGOD
1859,OneFinBank Coin,OFBC
1860,OFCOIN,OF
1861,Old Dogs New Tricks,ODNT
1862,Obsidian,ODN
1863,Overseas Direct Certification,ODC
1864,OracleChain,OCT
1865,Oceanlab,OCL
1866,Poseidon Foundation,OCEANT
1867,OrangeCoin,OC
1868,Obscurebay,OBS
1869,OATH Protocol,OATH
1870,Oasis City,OASC
1871,Acorn Collective,OAK
1872,Zealium,NZL
1873,NewZealandCoin,NZC
1874,NYNJA,NYN
1875,Nyerium,NYEX
1876,NewYork Exchange,NYE
1877,NewYorkCoin,NYC
1878,NXTI,NXTI
1879,Nexus Mutual,NXM
1880,NXEcoin,NXE
1881,Nexium,NXC
1882,NowCoin,NWCN
1883,Nevula,NVL
1884,NovaCoin,NVC
1885,Nomin USD,NUSD
1886,NumbersCoin,NUM
1887,NukeCoin,NUKE
1888,NubisCoin,NUBIS
1889,Nexty,NTY
1890,Network Token,NTWK
1891,Neutron,NTRN
1892,NetM,NTM
1893,Neurotoken,NTK
1894,Note Blockchain,NTBC
1895,NSS Coin,NSS
1896,NuShares,NSR
1897,Nasdacoin,NSD
1898,Primalbase,PBT
1899,Project Pai,PAI
1900,OKCash,OK
1901,MainCoin,MNC
1902,Pundi X,NPXS
1903,Neutrino Token,NSBT
1904,Narrative,NRVE
1905,NERVE,NRV
1906,Neural Protocol,NRP
1907,Neurocoin,NRC
1908,Pundi X NEM,NPXSXEM
1909,Napoleon X,NPX
1910,NPER,NPER
1911,NPCcoin,NPC
1912,NOW Token,NOW
1913,Dnotes,NOTE
1914,nOS,NOS
1915,Noir,NOR
1916,Noocoin,NOO
1917,NOIZ,NOIZ
1918,No BS Crypto,$NOBS
1919,NobleCoin,NOBL
1920,NOAHCOIN,NOAH
1921,NEO Name Credit,NNC
1922,Namecoin,NMC
1923,Nullex,NLX
1924,NakomotoDark,NKT
1925,Nukecoinz,NKC
1926,NewInvestCoin,NIC
1927,NFTX Hashmasks Index,NFTXHI
1928,Nexxo,NEXXO
1929,Next.exchange Token,NEXT
1930,Nash Exchange,NEX
1931,NewsToken,NEWOS
1932,Newbium,NEWB
1933,NetworkCoin,NETC
1934,NetCoin,NET
1935,NeosCoin,NEOS
1936,Neetcoin,NEET
1937,Nebuchadnezzar,NEBU
1938,NinjaDoge,NDOGE
1939,NeverDie,NDC
1940,Name Changing Token,NCT
1941,Newton Coin,NCP
1942,Niobio Cash,NBR
1943,NetBit,NBIT
1944,Niobium,NBC
1945,Nebula AI,NBAI
1946,NaviAddress,NAVI
1947,Nautilus Coin,NAUT
1948,Natmin,NAT
1949,NANJCOIN,NANJ
1950,BananaBits,NANAS
1951,Namacoin,NAM
1952,Strayacoin,NAH
1953,NativeCoin,N8V
1954,Number7,N7
1955,MazaCoin,MZC
1956,Mycro,MYO
1957,MyBit,MYB
1958,Maximine,MXM
1959,MimbleWimbleCoin,MWC
1960,MilkCoin,MUU
1961,Musicoin,MUSIC
1962,MUNcoin,MUN
1963,ModulTrade,MTRC
1964,MasterTraderCoin,MTR
1965,TrackNetToken,MTN
1966,Multiven,MTCN
1967,MTC Mesh,MTCMN
1968,MyToken,MT
1969,Masari,MSR
1970,Mothership,MSP
1971,Manson Coin,MSN
1972,MSD,MSD
1973,Macroverse,MRV
1974,MinersReward,MRT
1975,Marginless,MRS
1976,MARK.SPACE,MRK
1977,MediumProject,MPRO
1978,Max Property Group,MPG
1979,Menapay,MPAY
1980,Motion,MOTI
1981,Olympus Labs,MOT
1982,Dark Moon,MOOND
1983,Monarch Token,MONT
1984,MoneyCoin,MONEY
1985,Moneta,MONETA
1986,Mobilink Token,MOLK
1987,Molecule,MOL
1988,Mogu,MOGU
1989,MoCo,MOCO
1990,MOAC,MOAC
1991,Monaize,MNZ
1992,MinexCoin,MNX
1993,GoldMint,MNTP
1994,Manet Coin,MNTC
1995,Mineum,MNM
1996,Minereum,MNE
1997,MMXVI,MMXVI
1998,MEDICAL TOKEN CURRENCY,MTC
1999,Monavale,MONAV
2000,MindCoin,MND
2001,Mediconnect,MEDICO
2002,MaieutiCoin,MMXIV
2003,Master MIX Token,MMT
2004,MMOCoin,MMO
2005,MMNXT,MMNXT
2006,MemoryCoin,MMC
2007,MultiWallet Coin,MLTC
2008,CPROP,MLS
2009,Marshal Lion Group Coin,MLGC
2010,MEDIKEY,MKEY
2011,MISS,MISS
2012,Mithril Share,MIS
2013,MIR COIN,MIRC
2014,MIODIOCOIN,MIODIO
2015,Miner One token,MIO
2016,InnovaMinex,MINX
2017,MintMe.com Coin,MINTME
2018,MintCoin,MINT
2019,Instamine Nuggets,MINE
2020,MINDOL,MIN
2021,MiloCoin,MILO
2022,Milllionaire Coin,MIL
2023,Migranet,MIG
2024,Mithril Cash,MIC
2025,Mobile Integrated Blockchain,MIB
2026,HelixNetwork,MHLX
2027,MargiX,MGX
2028,Maggie Token,MGGT
2029,MassGrid,MGD
2030,SyncFab,MFG
2031,MOJI Experience Points,MEXP
2032,MetaMorph,METM
2033,Farming Bad,METH
2034,MetalCoin,METAL
2035,MeshBox,MESH
2036,MESG,MESG
2037,Merebel,MERI
2038,MegaFlash,MEGA
2039,MEET.ONE,MEETONE
2040,MedicCoin,MEDIC
2041,MegaCoin,MEC
2042,Measurable Data Token,MDT
2043,MADANA,MDN
2044,Medium,MDM
2045,Moss Carbon Credit,MCO2
2046,Magic Cube Coin,MCC
2047,MasterCar,MCAR
2048,MCAP,MCAP
2049,MicroBitcoin,MBTC
2050,Multibot,MBT
2051,Embers,MBRS
2052,Mont Blanc,MBLC
2053,MB8 Coin,MB8
2054,MineBee,MB
2055,Theresa May Coin,MAY
2056,MaxCoin,MAX
2057,Midas Protocol,MAS
2058,MaryJane Coin,MARYJ
2059,Marvelous,MARV
2060,Monart,MART
2061,Maya Preferred 223,MAPR
2062,MapCoin,MAPC
2063,MadCoin,MADC
2064,M2O Token,M2O
2065,SupplyShock,M1
2066,LYTIX,LYTX
2067,Lyfe,LYFE
2068,LyraBar,LYB
2069,LibrexCoin,LXC
2070,LivenPay,LVN
2071,Leverage Coin,LVG
2072,LUXCoin,LUX
2073,Lunes,LUNES
2074,Play 2 Live,LUC
2075,Litecoinz,LTZ
2076,Litestar Coin,LTS
2077,LinkToken,LTK
2078,Lethean,LTHN
2079,Lathaan,LTH
2080,Limited Coin,LTD
2081,LiteCreed,LTCR
2082,LitecoinPro,LTCP
2083,LitecoinDark,LTCD
2084,LTBCoin,LTBC
2085,Loctite Assets Token,LT
2086,Lendroid Support Token,LST
2087,LightSpeedCoin,LSD
2088,Liquity,LQTY
2089,Liquidity Network,LQDN
2090,Liquid,LQD
2091,Liquid Bitcoin,LQBTC
2092,Kripton,LPK
2093,NFTLootBox,LOOT
2094,Wood Coin,LOG
2095,Locus Chain,LOCUS
2096,Lobstex,LOBS
2097,Linker Coin,LNKC
2098,Lucy,LUCY
2099,Loopring [NEO],LRN
2100,LociCoin,LOCI
2101,Ethereum.Link,LNK
2102,Lykke,LKK
2103,Blocklancer,LNC
2104,Lunch Money,LMY
2105,LomoCoin,LMC
2106,LM Token,LM
2107,LuckyCoin,LKY
2108,Lukiu,LKU
2109,LinkCoin Token,LKN
2110,Liker,LK
2111,LiviaCoin,LIV
2112,Let it Ride,LIR
2113,LINKA,LINKA
2114,Metrix,LINDA
2115,LimeCoinX,LIMX
2116,LightChain,LIGHT
2117,LIFE,LIFE
2118,Winding Tree,LIF
2119,Lien,LIEN
2120,LHT Coin,LHT
2121,LHCoin,LHC
2122,Logarithm,LGR
2123,Legolas Exchange,LGO
2124,Legends Cryptocurrency,LGD
2125,LGCY Network,LGCY
2126,LGBTQoin,LGBTQ
2127,Leverj,LEV
2128,LeninCoin,LENIN
2129,Aave,LEND
2130,Education Ecosystem,LEDU
2131,Terawatt,LED
2132,LeaCoin,LEA
2133,LiteDoge,LDOGE
2134,Lido DAO,LDO
2135,Ludum token,LDM
2136,LeadCoin,LDC
2137,LiteCoinW Plus,LCWP
2138,Litecoin Plus,LCP
2139,Luckbox,LCK
2140,Lutetium Coin,LC
2141,LUX BIO EXCHANGE COIN,LBXC
2142,Lazarus,LAZ
2143,LatiumX,LATX
2144,LaLa World,LALA
2145,Stakinglab,LABX
2146,KZCash,KZC
2147,KWHCoin,KWH
2148,KVI Chain,KVI
2149,Kuverit,KUV
2150,Kuende,KUE
2151,KUBO,KUBO
2152,Klimatas,KTS
2153,KryptCoin,KTK
2154,StarKST,KST
2155,Kahsh,KSH
2156,KStarCoin,KSC
2157,Karma,KRM
2158,KREDS,KREDS
2159,Karbo,KRB
2160,Jibrel Network Token,JNT
2161,Kraken,KRAK
2162,Kozjin,KOZ
2163,Koto,KOTO
2164,Kolion,KOLION
2165,KoboCoin,KOBO
2166,Knowledge,KNW
2167,Knekted,KNT
2168,KiMex,KMX
2169,Kalkulus,KLKS
2170,Kaiser,KISC
2171,SESSIA,KICKS
2172,KickToken,KICK
2173,KrugerCoin,KGC
2174,Ketan,KETAN
2175,Kepler,KEP
2176,Kencoin,KEN
2177,KekCoin,KEK
2178,KEYCO,KEC
2179,Kernalcoin,KC
2180,Kubera Coin,KBR
2181,Korbot,KBOT
2182,Karatgold coin,KBC
2183,KATZcoin,KATZ
2184,Karma,KARMA
2185,BitKAM,KAM
2186,Kaleido,KAL
2187,Jupiter,JUP
2188,Jumpcoin,JUMP
2189,JudgeCoin,JUDGE
2190,JSEcoin,JSE
2191,Jarvis Reward Token,JRT
2192,JokerCoin,JOK
2193,Joint Ventures,JOINT
2194,JobsCoin,JOBS
2195,Jobchain,JOB
2196,Junson Ming Chan Coin,JMC
2197,JiffyCoin,JIF
2198,Shekel,JEW
2199,Jetcoin,JET
2200,Jewels,JWL
2201,ITAM Games,ITAM
2202,Ether Kingdoms Token,IMPT
2203,Japan Content Token,JCT
2204,Wine Chain,JCB
2205,JumBucks Coin,JBS
2206,JET8,J8T
2207,JoinCoin,J
2208,IZEROIUM,IZER
2209,iXledger,IXT
2210,IXcoin,IXC
2211,X-Block,IX
2212,IwToken,IWT
2213,InvisibleCoin,IVZ
2214,IvyKoin,IVY
2215,intimate.io,ITM
2216,Italian Lira,ITL
2217,Intelligent Trading,ITF
2218,IslaCoin,ISL
2219,ISTARDUST,ISDT
2220,IP Exchange,IPSX
2221,IPChain,IPC
2222,iOWN Token,IOWN
2223,IOU,IOUX
2224,IOTW,IOTW
2225,Internet of People,IOP
2226,IONChain,IONC
2227,Ionomy,ION
2228,ioeX,IOEX
2229,Internxt,INXT
2230,Invacio,INVC
2231,InsaneCoin,INSANE
2232,Insolar (Old Chain),INS
2233,Iungo,ING
2234,Influxcoin,INFX
2235,Infinito,INFT
2236,IntelliShare,INE
2237,IndiCoin,INDI
2238,Indorse,IND
2239,InceptionCoin,INCP
2240,Incent,INCNT
2241,Incrementum,INC
2242,MoneyToken,IMT
2243,Impulse Coin,IMPS
2244,Brain Space,IMPCN
2245,IMMLA,IML
2246,ImageCoin,IMG
2247,iOlite,ILT
2248,ILCOIN,ILC
2249,IG Gold,IGG
2250,IG Token,IG1
2251,InvestFeed,IFT
2252,Infinite Coin,IFC
2253,iEthereum,IETH
2254,IvugeoEvolutionCoin,IEC
2255,IDEX Membership,IDXM
2256,Rupiah Token,IDRT
2257,IDK,IDK
2258,IDHUB,IDHUB
2259,ICST,ICST
2260,ICOBox,ICOS
2261,Iconic,ICON
2262,Iconomi,ICN
2263,IceChain,ICHX
2264,IdeaChain,ICH
2265,ICASH,ICASH
2266,iBankCoin,IBANK
2267,HazMatCoin,HZT
2268,Horizon,HZ
2269,HyperSpace,HYPERS
2270,HyperCoin,HYPER
2271,HyperStake,HYP
2272,Hydro Protocol,HYDROP
2273,HollyWoodCoin,HWC
2274,High Voltage Coin,HVCO
2275,Hustle Token,HUSL
2276,HUSD,HUSD
2277,Hurify,HUR
2278,BigCoin,HUGE
2279,HunterCoin,HUC
2280,HTML5 Coin,HTML5
2281,Decision Token,HST
2282,Horse Power,HSP
2283,Harbour DAO,HRB
2284,HOQU,HQX
2285,HyperQuant,HQT
2286,HappyCoin,HPC
2287,HOT Token,HOTT
2288,Ethorse,HORSE
2289,HOLD,HOLD
2290,HOdlcoin,HODL
2291,HashNet BitEco,HNB
2292,Humaniq,HMQ
2293,HempCoin,HMP
2294,Hi Mutual Society,HMC
2295,HyperLoot,HLT
2296,HyperLending,HLD
2297,HalalChain,HLC
2298,Hacken,HKN
2299,Hacker Gold,HKG
2300,HireMatch,HIRE
2301,Hintchain,HINT
2302,Hiblocks,HIBS
2303,GoMoney2,GOM2
2304,Genshiro,GENS
2305,Global Game Coin,GGC
2306,Hello Gold,HGT
2307,HashGains,HGS
2308,HireGo,HGO
2309,HavEther,HET
2310,HerbCoin,HERB
2311,Hero Node,HER
2312,HeelCoin,HEEL
2313,Hedgecoin,HEDGE
2314,Etheal,HEAL
2315,Hedge Token,HDG
2316,HappyCreatorCoin,HCC
2317,Hyperbridge,HBX
2318,Habitat,HBT
2319,HazeCoin,HAZE
2320,Hazza,HAZ
2321,Hawala.Exchange,HAT
2322,HARA,HART
2323,ShowHand,HAND
2324,HamsterCoin,HAMS
2325,Halo Platform,HALO
2326,Halcyon,HAL
2327,Hacken Token,HAI
2328,Hackspace Capital,HAC
2329,Hydrominer,H2O
2330,GazeCoin,GZE
2331,Globalvillage Ecosystem,GVE
2332,Guppy,GUP
2333,Gourmet Galaxy,GUM
2334,Peerguess,GUESS
2335,Global Tourism Sharing Ecology,GTSE
2336,GoToken,GTK
2337,GenesysCoin,GSY
2338,GlowShares,GSX
2339,Gameswap,GSWAP
2340,GSTT,GSTT
2341,GeyserCoin,GSR
2342,GSM Coin,GSM
2343,GrownCoin,GROW
2344,GreenMed,GRMD
2345,GridMaster,GRM
2346,Garlicoin,GRLC
2347,Grid+,GRID
2348,Graft Blockchain,GRFT
2349,GrexitCoin,GREXIT
2350,GreenCoin,GRE
2351,GridCoin,GRC
2352,Graviton,GRAV
2353,GoldPieces,GP
2354,SoulCoin,GOST
2355,GOSSIP-Coin,GOSS
2356,Gosama,GOS
2357,Goonies,GOON
2358,Golos,GOLOS
2359,Goat,GOAT
2360,GoldeNugget Token,GNTO
2361,Goldmaxcoin,GOLDM
2362,Mercury Protocol,GMT
2363,Gimmer,GMR
2364,GameLeagueCoin,GML
2365,Gridmaster,GMC
2366,GlobalToken,GLT
2367,Golos Blockchain,GLS
2368,GLOS,GLOS
2369,Global,GLOBE
2370,Gleec Coin,GLEEC
2371,Buzzshow,GLDY
2372,Golder Coin,GLDR
2373,GoldCoin,GLC
2374,Gladius,GLA
2375,GKi,GKI
2376,Global Jobcoin,GJC
2377,GIZMOcoin,GIZ
2378,GiveCoin,GIVE
2379,Graviocoin,GIO
2380,Gimli,GIM
2381,GigaCoin,GIG
2382,GiftNet,GIFT
2383,Giant,GIC
2384,Bible Coin,GIB
2385,GhostbyMcAfee,GHOST
2386,GhostCoin,GHC
2387,GramGold Coin,GGOLD
2388,GoldFund,GFUN
2389,Guaranteed Ethurance Token Extra,GETX
2390,Guaranteed Entrance Token,GET
2391,GermanCoin,GER
2392,Genesis Network,GENX
2393,Gemz Social,GEMZ
2394,Global Currency Reserve,GCR
2395,GuccioneCoin,GCC
2396,Gric Coin,GC
2397,GigTricks,GBTC
2398,GameBetCoin,GBT
2399,PARKGENE,GENE
2400,GoldFinX,GIX
2401,Falconswap,FSW
2402,GravityBit,GBIT
2403,Golos Gold,GBG
2404,Godbex,GBE
2405,GoldBlocks,GB
2406,GATCOIN,GAT
2407,Game Ark,GARK
2408,GANA,GANA
2409,GAMB,GAMB
2410,Gambit coin,GAM
2411,Galtcoin,GALT
2412,Galilel,GALI
2413,Gala,GALA
2414,GAKHcoin,GAKH
2415,Gainfy,GAIN
2416,GAIA Platform,GAIA
2417,GraphGrail AI,GAI
2418,FundYourselfNow,FYN
2419,FXPay,FXP
2420,Flexacoin,FXC
2421,FCoin,FX
2422,Fuzzballs,FUZZ
2423,FundFantasy,FUNDZ
2424,Unification,FUND
2425,Fujinto,FUJIN
2426,Fuck Token,FUCK
2427,FuturoCoin,FTO
2428,Fountain,FTN
2429,FToken,FTK
2430,FriendshipCoin,FSC
2431,Forty Seven Bank,FSBT
2432,Frankywillcoin,FRWC
2433,Fitrova,FRV
2434,Forkspot,FRSP
2435,Ferrum Network,FRM
2436,Franko,FRK
2437,FREE coin,FREE
2438,FreldoCoinX,FRECNX
2439,Freyrchain,FREC
2440,FreeCoin,FRE
2441,Farad,FRD
2442,FractalCoin,FRAC
2443,Futurepia,FPC
2444,Fox Trading,FOXT
2445,Gastro Advisor Token,FORK
2446,FOREXCOIN,FOREX
2447,FoodCoin,FOOD
2448,FIBOS,FO
2449,FinTab,FNTB
2450,Fonero,FNO
2451,Finlocale,FNL
2452,FundRequest,FND
2453,FNB protocol,FNB
2454,Filenet,FN
2455,FormulA,FML
2456,FMex,FMEX
2457,Reflexer Ungovernance Token,FLX
2458,FLETA,FLETA
2459,FlowChainCoin,FLC
2460,FlavorCoin,FLVR
2461,FluzFluz,FLUZ
2462,FlutterCoin,FLT
2463,Follow Coin,FLLW
2464,BitFlip,FLIP
2465,FLiK,FLIK
2466,FLEX Coin,FLEX
2467,FairyLand,FLDT
2468,Folding Coin,FLDC
2469,FK Coin,FK
2470,FujiCoin,FJC
2471,Financial Investment Token,FIT
2472,FistBump,FIST
2473,FireCoin,FIRE
2474,FindCoin,FIND
2475,Fiii,FIII
2476,Fidelity House,FIH
2477,FIBRE,FIBRE
2478,Free Game Zone,FGZ
2479,fidentiaX,FDX
2480,Fortem Capital,FCQ
2481,FantomCoin,FCN
2482,Fuel2Coin,FC2
2483,Facecoin,FC
2484,Fatcoin,FAT
2485,FarmaTrust,FARMA
2486,Faireum Token,FAIRC
2487,FairCoin,FAIR
2488,FABRK Token,FAB
2489,Farm2Kitchen,F2K
2490,F16Coin,F16
2491,EZToken,EZT
2492,Experty,EXY
2493,Extensive Coin,EXTN
2494,EXRNchain,EXRN
2495,Exosis,EXO
2496,ExchangeN,EXN
2497,EXMR FDN,EXMR
2498,ExeCoin,EXE
2499,Eximchain,EXC
2500,Foin,FOIN
2501,ExaByte (EXB),EXB
2502,EveryCoin,EVY
2503,EveriToken,EVT
2504,Everus,EVR
2505,EVOS,EVOS
2506,Envion,EVN
2507,EvilCoin,EVIL
2508,Event Token,EVENT
2509,EvenCoin,EVENC
2510,Evedo,EVED
2511,EUNO,EUNO
2512,Ethereum Cloud,ETY
2513,EncryptoTel,ETT
2514,EtherLite,ETL
2515,Energi Token,ETK
2516,EtherInc,ETI
2517,EthereumScrypt,ETHS
2518,The Etho Protocol,ETHO
2519,Ethereum Meta,ETHM
2520,Ethereum Gold Project,ETGP
2521,Ethereum Gold,ETG
2522,EXTRADECOIN,ETE
2523,Ethereum Black,ETBT
2524,EthBits,ETBS
2525,Eticket4,ET4
2526,EtherSportz,ESZ
2527,ESports Chain,EST
2528,Ethersocial,ESN
2529,Switch,ESH
2530,ESBC,ESBC
2531,Esports.com,ERT
2532,ErrorCoin,ERR
2533,Eroscoin,ERO
2534,Ethernity Chain,ERN
2535,Eristica,ERIS
2536,eREAL,EREAL
2537,Elrond,ERD
2538,Index ERC20,ERC20
2539,EuropeCoin,ERC
2540,ETHA,ERA
2541,EqualCoin,EQUAL
2542,Quadrant Protocol,eQUAD
2543,Equilibrium Coin,EQM
2544,EQUAL,EQL
2545,Ethereum Qchain Token,EQC
2546,Empyrean,EPY
2547,Dimension,EONC
2548,Exscudo,EON
2549,EveryonesCoin,EOC
2550,Entropy Token,ENTRP
2551,ENTER COIN,ENTRC
2552,EnterCoin,ENTER
2553,Eternity,ENT
2554,EnergyCoin,ENRG
2555,Enkidu,ENK
2556,Engagement Token,ENGT
2557,EneCoin,ENE
2558,Ethereum Movie Venture,EMV
2559,eMusic,EMU
2560,EasyMine,EMT
2561,empowr,EMPR
2562,Emphy,EMPH
2563,EmporiumCoin,EMPC
2564,Emerald,EMD
2565,Elysian,ELY
2566,ELTCOIN,ELTCOIN
2567,Ellerium,ELP
2568,Elements,ELM
2569,ElliotCoin,ELLI
2570,Ellaism,ELLA
2571,Elixir,ELIX
2572,EthereumLite,ELITE
2573,Elicoin,ELIC
2574,Elementrem,ELE
2575,Elacoin,ELC
2576,ELA Coin,ELAC
2577,Elektron,EKN
2578,Ekon Gold,EKG
2579,EGOcoin,EGO
2580,EggCoin,EGGC
2581,EtherGem,EGEM
2582,Engine,EGCC
2583,EverGreenCoin,EGC
2584,ETHGAS,EGAS
2585,E-Gulden,EFL
2586,Ethereum eRush,EER
2587,EducoinV,EDUC
2588,EtherDelta,EDT
2589,Endor Protocol Token,EDR
2590,EDC Blockchain,EDC
2591,SuperEdge,ECT
2592,ECP+ Technology,ECP
2593,Omnitude,ECOM
2594,ECOcoin,ECOC
2595,e-Chat,ECHT
2596,EthereCash,ECH
2597,Ethereum Cash,ECASH
2598,Electra,ECA
2599,eBitcoin,EBTC
2600,Emirex Token,EMRX
2601,Etheroll,DICE
2602,eBoost,EBST
2603,Ebakus,EBK
2604,EthBet,EBET
2605,Earth Token,EARTH
2606,EagsCoin,EAGS
2607,EagleCoin,EA
2608,Electronic Energy Coin,E2C
2609,DZCC,DZCC
2610,Dynamite,DYNMT
2611,Dynamic,DYN
2612,DataWallet,DXT
2613,Dextro,DXO
2614,DEXON,DXN
2615,DexAge,DXG
2616,DixiCoin,DXC
2617,Derivex,DVX
2618,DuxCoin,DUX
2619,DUO Network,DUOT
2620,ParallelCoin,DUO
2621,DubCoin,DUB
2622,DataBroker DAO,DTX
2623,Datarius,DTRC
2624,Dynamic Trading Rights,DTR
2625,Dether,DTH
2626,DECOIN,DTEP
2627,Dystem,DTEM
2628,Databits,DTB
2629,Dollar Token 1,DT1
2630,Desire,DSR
2631,Dashcoin,DSH
2632,Droidz,DRZ
2633,DRP Utility,DRPU
2634,DCORP,DRP
2635,Dropil,DROP
2636,DoDreamChain,DRM
2637,DarkTron,DRKT
2638,DrinkChain,DRINK
2639,DREAM,DREAM
2640,DT Token,DRACO
2641,DraculaCoin,DRA
2642,Diamond Platform Token,DPT
2643,Digital Assets Power Play,DPP
2644,DIPNET,DPN
2645,DeFiPulse Index,DPI
2646,DelightPay,DPAY
2647,DigitalPrice,DP
2648,Dorado,DOR
2649,DopeCoin,DOPE
2650,Doki Doki Finance,DOKI
2651,EtherDoge,DOGETH
2652,DogeCoinDark,DOGED
2653,DocTailor,DOCT
2654,DNN Token,DNN
2655,Demeter Chain,DMTC
2656,Documentchain,DMS
2657,Decentralized Machine Learning,DML
2658,Dream21,DMC
2659,DAppLinks,DLX
2660,Delio,DLO
2661,Dlisk,DLISK
2662,DollarCoin,DLC
2663,DarkKnightCoin,DKC
2664,DIWtoken,DIW
2665,Divi Exchange Token,DIVX
2666,DIVO Token,DIVO
2667,Divi Project,DIVI
2668,Ditcoin,DIT
2669,Dark Lisk,DISK
2670,Etherisc,DIP
2671,Decimated,DIO
2672,Dinero,DIN
2673,DimeCoin,DIME
2674,DIMCOIN,DIM
2675,Diggits,DIGS
2676,DigiPulse,DGPT
2677,DarkGold,DGDC
2678,Digitalcoin,DGC
2679,DEXTools,DEXT
2680,Deviant Coin,DEV
2681,Destiny,DES
2682,Defi,DEFI
2683,DeepCloud AI,DEEP
2684,Debitum Token,DEB
2685,Degas Coin,DEA
2686,DDAM,DDAM
2687,Decent,DCT
2688,Digital Gold,DGLD
2689,DeFireX,DFX
2690,Draftcoin,DFT
2691,Digital Fund Coin,DFP
2692,DEX,DEX
2693,DarkEther,DETH
2694,DelChain,DEL
2695,DEEX,DEEX
2696,Darico,DEC
2697,iDealCash,DEAL
2698,Digital Developers Fund,DDF
2699,Dinastycoin,DCY
2700,DeltaCredits,DCRE
2701,Centric Cash,CNS
2702,DickCoin,DCK
2703,Distributed Credit Chain,DCC
2704,DubaiCoin,DBIX
2705,Decent.bet,DBET
2706,DarkBit,DB
2707,Davion,DAVP
2708,DasCoin,DASC
2709,Dark,DARK
2710,Konstellation,DARC
2711,Darcrus,DAR
2712,DAPS Coin,DAPS
2713,DarkKush,DANK
2714,Daneel,DAN
2715,Coinzen,DAMO
2716,Dalichain,DALI
2717,Digital Asset Guarantee Token,DAGT
2718,Edge,DADI
2719,Dacsee,DACS
2720,DarkPayCoin,D4RK
2721,CanonChain,CZR
2722,Cryptokenz,CYT
2723,CypherPunkCoin,CYP
2724,Crystal Token,CYL
2725,Cygnus,CYG
2726,CYBR,CYBR
2727,CyberWay,CYBER
2728,Caixa Pay,CXP
2729,CAPITAL X CELL,CXCELL
2730,CheckCoin,CXC
2731,CryptoWorldXToken,CWXT
2732,CryptoWave,CWV
2733,CryptoWorldNews,CWN
2734,CovenCoin,CVNC
2735,CryptoVerificationCoin,CVCC
2736,Crypto Village Accelerator,CVA
2737,Cool Cousin,CUZ
2738,CUTcoin,CUT
2739,Custody Token,CUST
2740,Compound USD Coin,CUSDC
2741,Carbon,CUSD
2742,Centra,CTR
2743,Contents Protocol,CTPT
2744,Citadel,CTL
2745,Coinmatic,CTIC
2746,CTAGtoken,CTAG
2747,Castle,CSTL
2748,Crypto Sports,CSPN
2749,CrowdSale Network,CSNP
2750,BitDice,CSNO
2751,Cosmic,CSMIC
2752,Consentium,CSM
2753,Consensus,CSEN
2754,CasinoCoin,CSC
2755,Credit Safe Application Chain,CSAC
2756,CryptCoin,CRYPT
2757,CrypticCoin,CRYP
2758,ChronosCoin,CRX
2759,Carr.Finance,CRT
2760,CryptoSpots,CRSP
2761,CryptoPennies,CRPS
2762,Cranepay,CRP
2763,Croat,CROAT
2764,CrankCoin,CRNK
2765,Cream,CRM
2766,CargoCoin,CRGO
2767,Thecreed,CREED
2768,Credo,CREDO
2769,TerraCredit,CREDIT
2770,Verify,CRED
2771,Creditbit,CRB
2772,CraveCoin,CRAVE
2773,CraigsCoin,CRAIG
2774,Craftcoin,CRAFT
2775,CrabCoin,CRAB
2776,CryptoRiyal,CR
2777,COPYTRACK,CPY
2778,Apex Token,CPX
2779,Cpollo,CPLO
2780,CoinPulseToken,CPEX
2781,Circuits of Value,COVAL
2782,COVA,COVA
2783,Couchain,COU
2784,CoTrader,COT
2785,Cosplay Token,COSP
2786,COS,COS
2787,CoralPay,CORAL
2788,CoinBene,CONI
2789,Coindy,CODY
2790,Community Coin,COC
2791,Cobinhood,COB
2792,Cryptonex,CNX
2793,CoinUs,CNUS
2794,Centurion,CNT
2795,CryptoEnergy,CNRG
2796,Coinomat,CNMT
2797,CONNECT,CNCT
2798,COMSA,CMS
2799,Commercium,CMM
2800,CosmosCoin,CMC
2801,CACHE Gold,CGT
2802,Crypto Market Ads,CMA
2803,CludCoin,CLUD
2804,ClubCoin,CLUB
2805,CopperLark,CLR
2806,CloakCoin,CLOAK
2807,Colu Local Network,CLN
2808,Clinton,CLINT
2809,Clinicoin,CLIN
2810,Clickcoin,CLICK
2811,Cloud,CLD
2812,Cloudbric,CLB
2813,CoinDeal Token,CDL
2814,CLAMS,CLAM
2815,CoinLancer,CL
2816,Clockcoin,CKC
2817,ConnectJob Token,CJT
2818,CryptoJournal,CJC
2819,CryptoCircuits,CIRC
2820,CINNICOIN,CINNI
2821,CinderCoin,CIN
2822,COINCOME,CIM
2823,Crypto Improvement Fund,CIF
2824,CIChain,CIC
2825,Own,CHX
2826,Countinghouse Fund,CHT
2827,ChoofCoin,CHOOF
2828,Chip,CHIP
2829,ChildCoin,CHILD
2830,ChessCoin,CHESS
2831,CHEESE,CHEESE
2832,CleverHash,CHASH
2833,CHARS,CHARS
2834,Charm Coin,CHARM
2835,Charity Coin,CHA
2836,Celo Gold,CGLD
2837,Cryptographic Anomaly,CGA
2838,Crafty,CFTY
2839,Cofound.it,CFI
2840,Confido,CFD
2841,Californium,CF
2842,CETUS Coin,CETI
2843,Compound Ethereum,CETH
2844,CENTERCOIN,CENT
2845,CEEK Smart VR Token,CEEK
2846,CEDEX Coin,CEDEX
2847,CDX Network,CDX
2848,Canada eCoin,CDN
2849,Compound Dai,CDAI
2850,CoolinDarkCoin,CCXC
2851,Conceal,CCX
2852,Connectchain,CCTN
2853,Crystal Clear Token,CCT
2854,CryptoCarbon,CCRB
2855,CrowdCoinage,CCOS
2856,Ccore,CCO
2857,CannaCoin,CCN
2858,CyClean,CCL
2859,Clipper Coin Capital,CCCX
2860,CCCoin,CCC
2861,Counos Coin,CCA
2862,CyberCoin,CC
2863,CryptoBullion,CBX
2864,CRYPTOBUCKS,CBUCKS
2865,Cerberus,CBS
2866,Cybereits Token,CBRT
2867,Create Breaking News Together,CBNT
2868,CoinBene Future Token,CBFT
2869,COINBIG,CB
2870,Catex,CATT
2871,CashCoin,CASH
2872,Carebit,CARE
2873,Cardstack,CARD
2874,Carboncoin,CARBON
2875,CarBlock,CAR
2876,Ternoa,CAPS
2877,Capdax,CAPD
2878,CannabisCoin,CANN
2879,UnicornGo Candy,CANDY
2880,Consumption Avatar Matrix,CAM
2881,Global Crypto Alliance,CALL
2882,CAIx,CAIx
2883,ClearAid,CAID
2884,Cai Token,CAI
2885,Content and AD Network,CADN
2886,CabbageUnit,CAB
2887,Coin.2,C2
2888,BZLCoin,BZL
2889,Bizkey,BZKY
2890,Bit-Z,BZ
2891,Bytus,BYTS
2892,ByteCent,BYC
2893,BitTokens,BXT
2894,Blockchain Exchange Alliance,BXA
2895,Bittwatt,BWT
2896,BitcoinWSpectrum,BWS
2897,Bulwark,BWK
2898,BuzzCoin,BUZZ
2899,BUSD,BUSDC
2900,Beowulf,BWF
2901,Bounce Token,BOT
2902,Bithereum,BTH
2903,BitCore,BTX
2904,Buddy,BUD
2905,SwagBucks,BUCKS
2906,Budbo,BUBO
2907,BeatzCoin,BTZC
2908,BitzCoin,BTZ
2909,Bityuan,BTY
2910,Bettex coin,BTXC
2911,Bitvote,BTV
2912,Coin to the Future,BTTF
2913,Biotron,BTRN
2914,Betrium Token,BTRM
2915,Bither,BTR
2916,BitNautic,BTNT
2917,BitMark,BTMK
2918,BitMiles,BTMI
2919,Bitrolium,BTL
2920,Bostoken,BTK
2921,Blockchain Traded Fund,BTF
2922,BitcoinZ,BTCZ
2923,Bitcoinus,BTCUS
2924,Bitcoin Token,BTCT
2925,BitCrystal,BTCRY
2926,Bitcoin Red,BTCRED
2927,BitCurrency,BTCR
2928,Bitcoin Private,BTCP
2929,BitcoiNote,BTCN
2930,BTCMoon,BTCM
2931,BTC Lite,BTCL
2932,Bitcoin Turbo Koin,BTCK
2933,BitcoinDark,BTCD
2934,Bitcoin Core,BTCC
2935,Bitcoin BEP2,BTCB
2936,Bitair,BTCA
2937,Bitcoin 2,BTC2
2938,Bitball,BTBL
2939,Bata,BTA
2940,Bitcoin SegWit2X,BT2
2941,Bitfinex Bitcoin Future,BT1
2942,Bitspace,BSX
2943,GlobalBoost,BSTY
2944,BitStation,BSTN
2945,BattleStake,BSTK
2946,Blackstar,BSTAR
2947,Bitcoin Supreme,BSPM
2948,BitSend,BSEND
2949,BSCPAD,BSCPAD
2950,BowsCoin,BSC
2951,BlackShadowCoin,BS
2952,Bryllite,BRYLL
2953,Breakout Stake,BRX
2954,BitBronze,BRONZ
2955,Bitradio,BRO
2956,BreakoutCoin,BRK
2957,BritCoin,BRIT
2958,BrightCoin,BRIC
2959,Briacoin,BRIA
2960,Bridge Oracle,BRG
2961,CBDAO,BREE
2962,BeardDollars,BRDD
2963,Baer Chain,BRC
2964,BROTHER,BRAT
2965,BrainCoin,BRAIN
2966,BQT,BQTX
2967,Bitsdaq Token,BQQQ
2968,Bitqy,BQ
2969,BlitzPredict,BPX
2970,BlockPool,BPL
2971,Blockparty,BOXX
2972,BOX Token,BOXT
2973,BoutsPro,BOUTS
2974,BOTXCOIN,BOTX
2975,BitBoss,BOSS
2976,BOScoin,BOS
2977,Boom Token,BOOM
2978,Bonorum Coin,BONO
2979,Blockonix,BONIX
2980,Bonpay,BON
2981,BombCoin,BOMBC
2982,BOMB,BOMB
2983,BolttCoin,BOLTT
2984,BolivarCoin,BOLI
2985,Bold,BOLD
2986,Blockium,BOK
2987,Bodhi,BOE
2988,Banyan Network,BNN
2989,BMChain,BMT
2990,Balloon-X,BLX
2991,Ethereum Blue,BLUE
2992,BlueCoin,BLU
2993,BLTV Token,BLTV
2994,Block-Logic,BLTG
2995,Bloom Token,BLT
2996,BillaryCoin,BLRY
2997,BLOC.MONEY,BLOCM
2998,BlitzCoin,BLITZ
2999,BlockMason Link,BLINK
3000,BlackholeCoin,BLHC
3001,BaaSid,BAAS
3002,BlakeCoin,BLC
3003,BlazerCoin,BLAZR
3004,BLAST,BLAST
3005,eosBLACK,BLACK
3006,BANKEX,BKX
3007,Blocktrade token,BKT
3008,Binance KRW,BKRW
3009,BIZZCOIN,BIZZ
3010,Bit Trust System,BIUT
3011,Bitz Coin,BITZ
3012,BitScreener,BITX
3013,bitUSD,BITUSD
3014,BITTO,BITTO
3015,BitstarCoin,BITS
3016,BitOKX,BITOK
3017,BitNewChain,BITNEW
3018,BitMoney,BITM
3019,bitCNY,BITCNY
3020,Bitcomo,BITCM
3021,16BitCoin,BIT16
3022,Bismuth,BIS
3023,Birdchain,BIRD
3024,Bispex,BIPX
3025,BiosCrypto,BIOS
3026,BioCrypt,BIOC
3027,BioBar,BIOB
3028,Bitsense,BINS
3029,TillBilly,BILL
3030,BIKI,BIKI
3031,Key,BIHU
3032,BigUp,BIGUP
3033,BHPCash,BHPC
3034,BigONE Token,BGONE
3035,Bgogo Token,BGG
3036,BitFinex Tokens,BFX
3037,Befund,BFDT
3038,Big Fun Chain,BFCH
3039,BitForex Token,BF
3040,Bezop,BEZ
3041,BetterBetting,BETR
3042,Bethereum,BETHER
3043,BitCOEN,BEN
3044,Bela,BELA
3045,Beetle Coin,BEET
3046,Bee Token,BEE
3047,BeanCash,BEAN
3048,Big Data Protocol,BDP
3049,Beefy.Finance,BIFI
3050,Binance GBP Stable Coin,BGBP
3051,Aunit,AUNIT
3052,BEAT Token,BEAT
3053,BitCrystals,BCY
3054,BitCapitalVendor,BCV
3055,Business Credit Substitute,BCS
3056,BitCredit,BCR
3057,Bitcoin Interest,BCI
3058,BitcoinFast,BCF
3059,EvidenZ,BCDT
3060,BitConnect Coin,BCCOIN
3061,BCB Blockchain,BCB
3062,BitClave,BCAT
3063,Business Credit Alliance Chain,BCAC
3064,Bitcoin Atom,BCA
3065,Bitcoin Confidential,BC
3066,BitBoost,BBT
3067,BBSCoin,BBS (1)
3068,Boolberry,BBR
3069,BiblePay,BBP
3070,Bigbom,BBO
3071,BBNCOIN,BBN
3072,BitBlocks,BBK
3073,BelugaPay,BBI
3074,BigBang Game,BBGC
3075,BaseballCardCoin,BBCC
3076,BitBay,BAY
3077,LuckChain,BASH
3078,Banano,BAN
3079,BankCoin,B@
3080,B91,B91
3081,SegWit2x,B2X
3082,Bitcoiin2Gen,B2G
3083,Azuki,AZUKI
3084,AZBI CORE,AZBI
3085,Azart,AZART
3086,AXiaL,AXL
3087,Axiom Coin,AXIOM
3088,Axe,AXE
3089,Award,AWR
3090,Atomic Wallet Coin,AWC
3091,Animation Vision Cash,AVH
3092,Avatar Coin,AV
3093,Autonio,AUTON
3094,Auroracoin,AUR
3095,Authoreon,AUN
3096,Aukcecoin,AUK
3097,Authorship,ATS
3098,ATN,ATN
3099,Atonomi,ATMI
3100,ATLANT,ATL
3101,Anchor,ANCT
3102,Allsafe,ASAFE2
3103,Atheios,ATH
3104,ATFS Project,ATFS
3105,ATC Coin,ATCC
3106,ATB coin,ATB
3107,AWARE,AT
3108,Astronaut,ASTRO
3109,Astral,ASTR
3110,Aston,ASTO
3111,Ascension Coin,ASN
3112,Block Array,ARY
3113,Artfinity Token,ARTF
3114,ARROUND,ARR
3115,ArQmA,ARQ
3116,ArpaCoin,ARPAC
3117,ARNA Panacea,ARNA
3118,ARMR,ARMR
3119,Armory Coin,ARM
3120,AriCoin,ARI
3121,Arepacoin,AREPA
3122,Arena,ARENA
3123,ArbitrageCT,ARCT
3124,ArchCoin,ARCH
3125,ARBITRAGE,ARBT
3126,Arbit Coin,ARB
3127,Araw,ARAW
3128,Aquachain,AQUA
3129,aQuest,AQU
3130,Apx,APX
3131,Aptcoin,APT
3132,APIS,APIS
3133,Application Programming Interface,API
3134,Aphelion,APH
3135,ApexCoin,APEX
3136,ANTS Reloaded,ANTS
3137,ANON,ANON
3138,Aragon Court,ANJ
3139,Crypto Angel,ANGEL
3140,Android chain,ANDC
3141,AnalCoin,ANAL
3142,Amsterdam Coin,AMS
3143,AmonD,AMON
3144,MicroMoney,AMM
3145,AMLT,AMLT
3146,Amino Network,AMIO
3147,Allmedi Coin,AMDC
3148,AMAL,AMAL
3149,AeroMe,AM
3150,ALAX,ALX
3151,AltCommunity Coin,ALTCOM
3152,Alpenschillling,ALPS
3153,Alphacon,ALP
3154,ALISmedia,ALIS
3155,AiLink Token,ALI
3156,Arab League Coin,ALC
3157,Akroma,AKA
3158,Aigang,AIX
3159,AIChain Token,AIT
3160,AirToken,AIR
3161,AI Prediction Ecosystem,AIPE
3162,AI Network,AIN
3163,AIDUS TOKEN,AIDT
3164,Aidi Inu,AIDI
3165,AidCoin,AID
3166,AI Crypto,AIC
3167,aGifttoken,AGT
3168,Aegis,AGS
3169,Agetron,AGET
3170,AllForOneBusiness,AFO
3171,Affil Coin,AFFC
3172,Always Evolving,AEVO
3173,Aerium,AERM
3174,Aeryus,AER
3175,Aenco,AEN
3176,Adshares,ADS
3177,Adrenaline Chain,ADRX
3178,Aladdin,ADN
3179,Adhive,ADH
3180,AudioCoin,ADC
3181,Aave DAI,ADAI
3182,Adab Solutions,ADAB
3183,Action Coin,ACTN
3184,ACoin,ACOIN
3185,AC Milan Fan Token,ACM
3186,AcidCoin,ACID
3187,AchieveCoin,ACHC
3188,AcesCoin,ACES
3189,Volt,ACDC
3190,Alliance Cargo Direct,ACD
3191,Accelerator Network,ACCN
3192,AC3,AC3
3193,ArtByte,ABY
3194,Arbidex,ABX
3195,Absolute Coin,ABS
3196,Abjcoin,ABJ
3197,EcoBall,ABA
3198,8 Circuit Studios,8BT
3199,8BIT Coin,8BIT
3200,AdToken,ADT
3201,Mdex,MDX
3202,UnlimitedIP,UIP
3203,300FIT,300F
3204,Octocoin,888
3205,7ELEVEN,7E
3206,404Coin,404
3207,3DES,3DES
3208,365Coin,365
3209,32Bitcoin,32BIT
3210,2GiveCoin,2GIVE
3211,2BACCO Coin,2BACCO
3212,2015 coin,2015
3213,FirstBlood,1ST
3214,1SG,1SG
3215,1irstGold,1GOLD
3216,1Credit,1CR
3217,0xBitcoin,0xBTC
3218,Dragon Coin,DRG
3219,Bitcoin Candy,CDY
3220,Open Predict Token,OPTC
3221,AgaveCoin,AGVC
3222,CommerceBlock Token,CBT
3223,AlphaLink,ANK
3224,Photon Token,PHT
3225,Lightning Bitcoin,LTBTC
3226,TNC Coin,TNC
3227,Digix Gold token,DGX
3228,SafeCoin,SAFE
3229,Amun Short Bitcoin Token,BTCSHORT
3230,Latamcash,LMCH
3231,Sogur Currency,SGR
3232,NIX,NIX
3233,Insolar,XNS
3234,Beldex,BDX
